-- phpMyAdmin SQL Dump
-- version 5.0.4
-- https://www.phpmyadmin.net/
--
-- Host: 127.0.0.1
-- Generation Time: Dec 30, 2022 at 07:36 PM
-- Server version: 10.4.17-MariaDB
-- PHP Version: 7.4.15

SET SQL_MODE = "NO_AUTO_VALUE_ON_ZERO";
START TRANSACTION;
SET time_zone = "+00:00";


/*!40101 SET @OLD_CHARACTER_SET_CLIENT=@@CHARACTER_SET_CLIENT */;
/*!40101 SET @OLD_CHARACTER_SET_RESULTS=@@CHARACTER_SET_RESULTS */;
/*!40101 SET @OLD_COLLATION_CONNECTION=@@COLLATION_CONNECTION */;
/*!40101 SET NAMES utf8mb4 */;

--
-- Database: `learningmanagementsystem`
--

-- --------------------------------------------------------

--
-- Table structure for table `announcements`
--

CREATE TABLE `announcements` (
  `id` bigint(20) UNSIGNED NOT NULL,
  `class_id` bigint(20) UNSIGNED NOT NULL,
  `title` varchar(255) COLLATE utf8mb4_unicode_ci NOT NULL,
  `text_area` text COLLATE utf8mb4_unicode_ci NOT NULL,
  `downloadable_content` varchar(255) COLLATE utf8mb4_unicode_ci DEFAULT NULL,
  `created_at` timestamp NULL DEFAULT NULL,
  `updated_at` timestamp NULL DEFAULT NULL,
  `deleted_at` timestamp NULL DEFAULT NULL
) ENGINE=InnoDB DEFAULT CHARSET=utf8mb4 COLLATE=utf8mb4_unicode_ci;

--
-- Dumping data for table `announcements`
--

INSERT INTO `announcements` (`id`, `class_id`, `title`, `text_area`, `downloadable_content`, `created_at`, `updated_at`, `deleted_at`) VALUES
(4, 2, 'Regarding Assignment Submission', 'Hello everyone,\r\nThose who have missed submitting your assignment-2 can submit it in the TA office at SAC1018 in the shelf to the cabinet that has BBN Sir\'s name written on it within today (Monday, 29th August). S\r\n\r\nThanks and Regards,\r\nMarilyn Dip Peris\r\nEmail: marilyn.peris@northsouth.edu\r\nTeaching Assistant\r\nDepartment of Mathematics and Physics', 'public/announcements/2//9xcOOGb07L1uD39SbYbDeGfMkQ5ExnBvCzqy372T.png', '2022-10-06 23:12:49', '2022-11-18 11:26:42', NULL),
(5, 2, 'Test', 'This is a test announcement', 'public/announcements/2//AfuMIgYXerBRAjCc0SdwmPtfmkJ9jdcJgVKJ0cdi.pdf', '2022-10-07 04:50:11', '2022-11-18 11:26:24', '2022-11-18 11:26:24'),
(59, 2, 'Test2', 'Lets test the descending order anouncement module', NULL, '2022-10-19 22:39:08', '2022-10-19 22:39:08', NULL),
(60, 6, 'Class Start Date', 'Classes will start tomorrow. Get ready students!', NULL, '2022-10-21 06:36:16', '2022-10-21 06:36:16', NULL),
(61, 2, 'asdlkfjalksjdf', 'alskdjflkaksjdf', NULL, '2022-10-23 16:06:32', '2022-11-18 11:26:27', '2022-11-18 11:26:27');

-- --------------------------------------------------------

--
-- Table structure for table `attendances`
--

CREATE TABLE `attendances` (
  `id` bigint(20) UNSIGNED NOT NULL,
  `section_id` bigint(20) UNSIGNED NOT NULL,
  `student_id` bigint(20) UNSIGNED NOT NULL,
  `attended` tinyint(1) NOT NULL,
  `created_at` timestamp NULL DEFAULT NULL,
  `updated_at` timestamp NULL DEFAULT NULL
) ENGINE=InnoDB DEFAULT CHARSET=utf8mb4 COLLATE=utf8mb4_unicode_ci;

--
-- Dumping data for table `attendances`
--

INSERT INTO `attendances` (`id`, `section_id`, `student_id`, `attended`, `created_at`, `updated_at`) VALUES
(3, 1, 1, 1, '2022-10-11 22:23:04', '2022-10-11 22:23:04'),
(4, 1, 14, 0, '2022-10-11 22:23:04', '2022-10-11 22:23:04'),
(5, 1, 1, 1, '2022-10-19 22:22:01', '2022-10-19 22:22:01'),
(6, 1, 1, 0, '2022-10-19 22:25:32', '2022-10-19 22:25:32'),
(7, 1, 1, 0, '2022-11-18 11:30:50', '2022-11-18 11:30:50'),
(8, 1, 1, 0, '2022-11-18 11:30:59', '2022-11-18 11:30:59'),
(9, 1, 1, 1, '2022-11-18 11:31:14', '2022-11-18 11:31:14');

-- --------------------------------------------------------

--
-- Table structure for table `class_modules`
--

CREATE TABLE `class_modules` (
  `id` bigint(20) UNSIGNED NOT NULL,
  `section_id` bigint(20) UNSIGNED NOT NULL,
  `announcement_id` bigint(20) UNSIGNED DEFAULT NULL,
  `lesson_id` bigint(20) UNSIGNED DEFAULT NULL,
  `module_id` bigint(20) UNSIGNED DEFAULT NULL,
  `created_at` timestamp NULL DEFAULT NULL,
  `updated_at` timestamp NULL DEFAULT NULL
) ENGINE=InnoDB DEFAULT CHARSET=utf8mb4 COLLATE=utf8mb4_unicode_ci;

--
-- Dumping data for table `class_modules`
--

INSERT INTO `class_modules` (`id`, `section_id`, `announcement_id`, `lesson_id`, `module_id`, `created_at`, `updated_at`) VALUES
(2, 1, NULL, NULL, NULL, NULL, NULL),
(3, 12, NULL, NULL, NULL, '2022-10-10 16:08:40', '2022-10-10 16:08:40'),
(4, 13, NULL, NULL, NULL, '2022-10-17 10:39:45', '2022-10-17 10:39:45'),
(5, 14, NULL, NULL, NULL, '2022-10-17 10:41:53', '2022-10-17 10:41:53'),
(6, 15, NULL, NULL, NULL, '2022-10-21 06:34:47', '2022-10-21 06:34:47');

-- --------------------------------------------------------

--
-- Table structure for table `courses`
--

CREATE TABLE `courses` (
  `id` bigint(20) UNSIGNED NOT NULL,
  `name` varchar(255) COLLATE utf8mb4_unicode_ci NOT NULL,
  `abbr` varchar(255) COLLATE utf8mb4_unicode_ci NOT NULL,
  `pre_req` bigint(20) UNSIGNED DEFAULT NULL,
  `credit_count` int(11) NOT NULL,
  `require_lab` tinyint(1) NOT NULL,
  `parent_course` bigint(20) UNSIGNED DEFAULT NULL,
  `created_at` timestamp NULL DEFAULT NULL,
  `updated_at` timestamp NULL DEFAULT NULL,
  `department_id` bigint(20) UNSIGNED NOT NULL
) ENGINE=InnoDB DEFAULT CHARSET=utf8mb4 COLLATE=utf8mb4_unicode_ci;

--
-- Dumping data for table `courses`
--

INSERT INTO `courses` (`id`, `name`, `abbr`, `pre_req`, `credit_count`, `require_lab`, `parent_course`, `created_at`, `updated_at`, `department_id`) VALUES
(1, 'CSE115', 'CSE115', NULL, 3, 1, NULL, NULL, NULL, 1),
(2, 'CSE115L', 'CSE115L', NULL, 1, 0, 1, NULL, NULL, 1),
(4, 'CSE173', 'CSE173', 1, 3, 0, NULL, '2022-10-07 14:49:29', '2022-10-07 14:49:29', 1),
(5, 'CSE215', 'CSE215', 1, 3, 1, NULL, '2022-10-07 14:49:56', '2022-10-07 14:49:56', 1),
(6, 'CSE215L', 'CSE215L', 2, 1, 0, 5, '2022-10-07 14:50:37', '2022-10-07 14:50:37', 1);

-- --------------------------------------------------------

--
-- Table structure for table `credit_prices`
--

CREATE TABLE `credit_prices` (
  `id` bigint(20) UNSIGNED NOT NULL,
  `credit_count` int(11) NOT NULL,
  `cost_per_credit` double(8,2) NOT NULL,
  `created_at` timestamp NULL DEFAULT NULL,
  `updated_at` timestamp NULL DEFAULT NULL
) ENGINE=InnoDB DEFAULT CHARSET=utf8mb4 COLLATE=utf8mb4_unicode_ci;

--
-- Dumping data for table `credit_prices`
--

INSERT INTO `credit_prices` (`id`, `credit_count`, `cost_per_credit`, `created_at`, `updated_at`) VALUES
(2, 1, 15000.00, '2022-10-16 09:51:07', '2022-11-18 11:35:16');

-- --------------------------------------------------------

--
-- Table structure for table `departments`
--

CREATE TABLE `departments` (
  `id` bigint(20) UNSIGNED NOT NULL,
  `name` varchar(255) COLLATE utf8mb4_unicode_ci NOT NULL,
  `abbr` varchar(255) COLLATE utf8mb4_unicode_ci NOT NULL,
  `chairman` bigint(20) UNSIGNED DEFAULT NULL,
  `created_at` timestamp NULL DEFAULT NULL,
  `updated_at` timestamp NULL DEFAULT NULL,
  `department_code` int(11) NOT NULL
) ENGINE=InnoDB DEFAULT CHARSET=utf8mb4 COLLATE=utf8mb4_unicode_ci;

--
-- Dumping data for table `departments`
--

INSERT INTO `departments` (`id`, `name`, `abbr`, `chairman`, `created_at`, `updated_at`, `department_code`) VALUES
(1, 'Electrical & Computer Engineering', 'ECE', 15, NULL, '2022-10-17 08:48:51', 642),
(2, 'Bachelor of Business Department', 'BBA', 2, NULL, NULL, 115),
(3, 'Economics and Humanities', 'EHA', 13, '2022-10-07 15:04:53', '2022-10-07 15:04:53', 422),
(4, 'Business Analytics', 'BA', NULL, NULL, NULL, 214),
(5, 'Sociology and Anthropology', 'SA', 3, '2022-10-16 16:12:23', '2022-10-16 16:12:23', 314),
(6, 'Psycology', 'PSY', 2, '2022-10-16 16:17:16', '2022-10-16 16:40:07', 351),
(7, 'asdf', 'asdf', 0, '2022-10-16 17:01:53', '2022-10-16 17:01:53', 213);

-- --------------------------------------------------------

--
-- Table structure for table `failed_jobs`
--

CREATE TABLE `failed_jobs` (
  `id` bigint(20) UNSIGNED NOT NULL,
  `uuid` varchar(255) COLLATE utf8mb4_unicode_ci NOT NULL,
  `connection` text COLLATE utf8mb4_unicode_ci NOT NULL,
  `queue` text COLLATE utf8mb4_unicode_ci NOT NULL,
  `payload` longtext COLLATE utf8mb4_unicode_ci NOT NULL,
  `exception` longtext COLLATE utf8mb4_unicode_ci NOT NULL,
  `failed_at` timestamp NOT NULL DEFAULT current_timestamp()
) ENGINE=InnoDB DEFAULT CHARSET=utf8mb4 COLLATE=utf8mb4_unicode_ci;

--
-- Dumping data for table `failed_jobs`
--

INSERT INTO `failed_jobs` (`id`, `uuid`, `connection`, `queue`, `payload`, `exception`, `failed_at`) VALUES
(1, '9eac0346-234e-42e9-8413-3ba38aceb3d1', 'database', 'default', '{\"uuid\":\"9eac0346-234e-42e9-8413-3ba38aceb3d1\",\"displayName\":\"App\\\\Jobs\\\\AnnouncementEmailJob\",\"job\":\"Illuminate\\\\Queue\\\\CallQueuedHandler@call\",\"maxTries\":null,\"maxExceptions\":null,\"failOnTimeout\":false,\"backoff\":null,\"timeout\":null,\"retryUntil\":null,\"data\":{\"commandName\":\"App\\\\Jobs\\\\AnnouncementEmailJob\",\"command\":\"O:29:\\\"App\\\\Jobs\\\\AnnouncementEmailJob\\\":11:{s:43:\\\"\\u0000App\\\\Jobs\\\\AnnouncementEmailJob\\u0000announcement\\\";O:45:\\\"Illuminate\\\\Contracts\\\\Database\\\\ModelIdentifier\\\":4:{s:5:\\\"class\\\";s:23:\\\"App\\\\Models\\\\Announcement\\\";s:2:\\\"id\\\";i:35;s:9:\\\"relations\\\";a:11:{i:0;s:5:\\\"class\\\";i:1;s:13:\\\"class.section\\\";i:2;s:20:\\\"class.section.course\\\";i:3;s:21:\\\"class.section.teacher\\\";i:4;s:29:\\\"class.section.teacher.teacher\\\";i:5;s:39:\\\"class.section.teacher.teacher.courses_R\\\";i:6;s:42:\\\"class.section.teacher.teacher.department_R\\\";i:7;s:29:\\\"class.section.student_courses\\\";i:8;s:37:\\\"class.section.student_courses.student\\\";i:9;s:45:\\\"class.section.student_courses.student.student\\\";i:10;s:56:\\\"class.section.student_courses.student.student.department\\\";}s:10:\\\"connection\\\";s:5:\\\"mysql\\\";}s:3:\\\"job\\\";N;s:10:\\\"connection\\\";N;s:5:\\\"queue\\\";N;s:15:\\\"chainConnection\\\";N;s:10:\\\"chainQueue\\\";N;s:19:\\\"chainCatchCallbacks\\\";N;s:5:\\\"delay\\\";N;s:11:\\\"afterCommit\\\";N;s:10:\\\"middleware\\\";a:0:{}s:7:\\\"chained\\\";a:0:{}}\"}}', 'ErrorException: Trying to get property \'student_courses\' of non-object in D:\\Personal Dev\\Laravel\\LearningManagementSystem\\app\\Jobs\\AnnouncementEmailJob.php:45\nStack trace:\n#0 D:\\Personal Dev\\Laravel\\LearningManagementSystem\\app\\Jobs\\AnnouncementEmailJob.php(45): Illuminate\\Foundation\\Bootstrap\\HandleExceptions->handleError(8, \'Trying to get p...\', \'D:\\\\Personal Dev...\', 45, Array)\n#1 D:\\Personal Dev\\Laravel\\LearningManagementSystem\\vendor\\laravel\\framework\\src\\Illuminate\\Container\\BoundMethod.php(36): App\\Jobs\\AnnouncementEmailJob->handle()\n#2 D:\\Personal Dev\\Laravel\\LearningManagementSystem\\vendor\\laravel\\framework\\src\\Illuminate\\Container\\Util.php(40): Illuminate\\Container\\BoundMethod::Illuminate\\Container\\{closure}()\n#3 D:\\Personal Dev\\Laravel\\LearningManagementSystem\\vendor\\laravel\\framework\\src\\Illuminate\\Container\\BoundMethod.php(93): Illuminate\\Container\\Util::unwrapIfClosure(Object(Closure))\n#4 D:\\Personal Dev\\Laravel\\LearningManagementSystem\\vendor\\laravel\\framework\\src\\Illuminate\\Container\\BoundMethod.php(37): Illuminate\\Container\\BoundMethod::callBoundMethod(Object(Illuminate\\Foundation\\Application), Array, Object(Closure))\n#5 D:\\Personal Dev\\Laravel\\LearningManagementSystem\\vendor\\laravel\\framework\\src\\Illuminate\\Container\\Container.php(653): Illuminate\\Container\\BoundMethod::call(Object(Illuminate\\Foundation\\Application), Array, Array, NULL)\n#6 D:\\Personal Dev\\Laravel\\LearningManagementSystem\\vendor\\laravel\\framework\\src\\Illuminate\\Bus\\Dispatcher.php(128): Illuminate\\Container\\Container->call(Array)\n#7 D:\\Personal Dev\\Laravel\\LearningManagementSystem\\vendor\\laravel\\framework\\src\\Illuminate\\Pipeline\\Pipeline.php(128): Illuminate\\Bus\\Dispatcher->Illuminate\\Bus\\{closure}(Object(App\\Jobs\\AnnouncementEmailJob))\n#8 D:\\Personal Dev\\Laravel\\LearningManagementSystem\\vendor\\laravel\\framework\\src\\Illuminate\\Pipeline\\Pipeline.php(103): Illuminate\\Pipeline\\Pipeline->Illuminate\\Pipeline\\{closure}(Object(App\\Jobs\\AnnouncementEmailJob))\n#9 D:\\Personal Dev\\Laravel\\LearningManagementSystem\\vendor\\laravel\\framework\\src\\Illuminate\\Bus\\Dispatcher.php(132): Illuminate\\Pipeline\\Pipeline->then(Object(Closure))\n#10 D:\\Personal Dev\\Laravel\\LearningManagementSystem\\vendor\\laravel\\framework\\src\\Illuminate\\Queue\\CallQueuedHandler.php(120): Illuminate\\Bus\\Dispatcher->dispatchNow(Object(App\\Jobs\\AnnouncementEmailJob), false)\n#11 D:\\Personal Dev\\Laravel\\LearningManagementSystem\\vendor\\laravel\\framework\\src\\Illuminate\\Pipeline\\Pipeline.php(128): Illuminate\\Queue\\CallQueuedHandler->Illuminate\\Queue\\{closure}(Object(App\\Jobs\\AnnouncementEmailJob))\n#12 D:\\Personal Dev\\Laravel\\LearningManagementSystem\\vendor\\laravel\\framework\\src\\Illuminate\\Pipeline\\Pipeline.php(103): Illuminate\\Pipeline\\Pipeline->Illuminate\\Pipeline\\{closure}(Object(App\\Jobs\\AnnouncementEmailJob))\n#13 D:\\Personal Dev\\Laravel\\LearningManagementSystem\\vendor\\laravel\\framework\\src\\Illuminate\\Queue\\CallQueuedHandler.php(122): Illuminate\\Pipeline\\Pipeline->then(Object(Closure))\n#14 D:\\Personal Dev\\Laravel\\LearningManagementSystem\\vendor\\laravel\\framework\\src\\Illuminate\\Queue\\CallQueuedHandler.php(70): Illuminate\\Queue\\CallQueuedHandler->dispatchThroughMiddleware(Object(Illuminate\\Queue\\Jobs\\DatabaseJob), Object(App\\Jobs\\AnnouncementEmailJob))\n#15 D:\\Personal Dev\\Laravel\\LearningManagementSystem\\vendor\\laravel\\framework\\src\\Illuminate\\Queue\\Jobs\\Job.php(98): Illuminate\\Queue\\CallQueuedHandler->call(Object(Illuminate\\Queue\\Jobs\\DatabaseJob), Array)\n#16 D:\\Personal Dev\\Laravel\\LearningManagementSystem\\vendor\\laravel\\framework\\src\\Illuminate\\Queue\\Worker.php(428): Illuminate\\Queue\\Jobs\\Job->fire()\n#17 D:\\Personal Dev\\Laravel\\LearningManagementSystem\\vendor\\laravel\\framework\\src\\Illuminate\\Queue\\Worker.php(378): Illuminate\\Queue\\Worker->process(\'database\', Object(Illuminate\\Queue\\Jobs\\DatabaseJob), Object(Illuminate\\Queue\\WorkerOptions))\n#18 D:\\Personal Dev\\Laravel\\LearningManagementSystem\\vendor\\laravel\\framework\\src\\Illuminate\\Queue\\Worker.php(172): Illuminate\\Queue\\Worker->runJob(Object(Illuminate\\Queue\\Jobs\\DatabaseJob), \'database\', Object(Illuminate\\Queue\\WorkerOptions))\n#19 D:\\Personal Dev\\Laravel\\LearningManagementSystem\\vendor\\laravel\\framework\\src\\Illuminate\\Queue\\Console\\WorkCommand.php(117): Illuminate\\Queue\\Worker->daemon(\'database\', \'default\', Object(Illuminate\\Queue\\WorkerOptions))\n#20 D:\\Personal Dev\\Laravel\\LearningManagementSystem\\vendor\\laravel\\framework\\src\\Illuminate\\Queue\\Console\\WorkCommand.php(101): Illuminate\\Queue\\Console\\WorkCommand->runWorker(\'database\', \'default\')\n#21 D:\\Personal Dev\\Laravel\\LearningManagementSystem\\vendor\\laravel\\framework\\src\\Illuminate\\Container\\BoundMethod.php(36): Illuminate\\Queue\\Console\\WorkCommand->handle()\n#22 D:\\Personal Dev\\Laravel\\LearningManagementSystem\\vendor\\laravel\\framework\\src\\Illuminate\\Container\\Util.php(40): Illuminate\\Container\\BoundMethod::Illuminate\\Container\\{closure}()\n#23 D:\\Personal Dev\\Laravel\\LearningManagementSystem\\vendor\\laravel\\framework\\src\\Illuminate\\Container\\BoundMethod.php(93): Illuminate\\Container\\Util::unwrapIfClosure(Object(Closure))\n#24 D:\\Personal Dev\\Laravel\\LearningManagementSystem\\vendor\\laravel\\framework\\src\\Illuminate\\Container\\BoundMethod.php(37): Illuminate\\Container\\BoundMethod::callBoundMethod(Object(Illuminate\\Foundation\\Application), Array, Object(Closure))\n#25 D:\\Personal Dev\\Laravel\\LearningManagementSystem\\vendor\\laravel\\framework\\src\\Illuminate\\Container\\Container.php(653): Illuminate\\Container\\BoundMethod::call(Object(Illuminate\\Foundation\\Application), Array, Array, NULL)\n#26 D:\\Personal Dev\\Laravel\\LearningManagementSystem\\vendor\\laravel\\framework\\src\\Illuminate\\Console\\Command.php(136): Illuminate\\Container\\Container->call(Array)\n#27 D:\\Personal Dev\\Laravel\\LearningManagementSystem\\vendor\\symfony\\console\\Command\\Command.php(298): Illuminate\\Console\\Command->execute(Object(Symfony\\Component\\Console\\Input\\ArgvInput), Object(Illuminate\\Console\\OutputStyle))\n#28 D:\\Personal Dev\\Laravel\\LearningManagementSystem\\vendor\\laravel\\framework\\src\\Illuminate\\Console\\Command.php(121): Symfony\\Component\\Console\\Command\\Command->run(Object(Symfony\\Component\\Console\\Input\\ArgvInput), Object(Illuminate\\Console\\OutputStyle))\n#29 D:\\Personal Dev\\Laravel\\LearningManagementSystem\\vendor\\symfony\\console\\Application.php(1028): Illuminate\\Console\\Command->run(Object(Symfony\\Component\\Console\\Input\\ArgvInput), Object(Symfony\\Component\\Console\\Output\\ConsoleOutput))\n#30 D:\\Personal Dev\\Laravel\\LearningManagementSystem\\vendor\\symfony\\console\\Application.php(299): Symfony\\Component\\Console\\Application->doRunCommand(Object(Illuminate\\Queue\\Console\\WorkCommand), Object(Symfony\\Component\\Console\\Input\\ArgvInput), Object(Symfony\\Component\\Console\\Output\\ConsoleOutput))\n#31 D:\\Personal Dev\\Laravel\\LearningManagementSystem\\vendor\\symfony\\console\\Application.php(171): Symfony\\Component\\Console\\Application->doRun(Object(Symfony\\Component\\Console\\Input\\ArgvInput), Object(Symfony\\Component\\Console\\Output\\ConsoleOutput))\n#32 D:\\Personal Dev\\Laravel\\LearningManagementSystem\\vendor\\laravel\\framework\\src\\Illuminate\\Console\\Application.php(94): Symfony\\Component\\Console\\Application->run(Object(Symfony\\Component\\Console\\Input\\ArgvInput), Object(Symfony\\Component\\Console\\Output\\ConsoleOutput))\n#33 D:\\Personal Dev\\Laravel\\LearningManagementSystem\\vendor\\laravel\\framework\\src\\Illuminate\\Foundation\\Console\\Kernel.php(129): Illuminate\\Console\\Application->run(Object(Symfony\\Component\\Console\\Input\\ArgvInput), Object(Symfony\\Component\\Console\\Output\\ConsoleOutput))\n#34 D:\\Personal Dev\\Laravel\\LearningManagementSystem\\artisan(37): Illuminate\\Foundation\\Console\\Kernel->handle(Object(Symfony\\Component\\Console\\Input\\ArgvInput), Object(Symfony\\Component\\Console\\Output\\ConsoleOutput))\n#35 {main}', '2022-10-14 15:04:08'),
(2, 'aec53ada-3e63-423a-be4d-fa84f1894e72', 'database', 'default', '{\"uuid\":\"aec53ada-3e63-423a-be4d-fa84f1894e72\",\"displayName\":\"App\\\\Jobs\\\\AnnouncementEmailJob\",\"job\":\"Illuminate\\\\Queue\\\\CallQueuedHandler@call\",\"maxTries\":null,\"maxExceptions\":null,\"failOnTimeout\":false,\"backoff\":null,\"timeout\":null,\"retryUntil\":null,\"data\":{\"commandName\":\"App\\\\Jobs\\\\AnnouncementEmailJob\",\"command\":\"O:29:\\\"App\\\\Jobs\\\\AnnouncementEmailJob\\\":11:{s:43:\\\"\\u0000App\\\\Jobs\\\\AnnouncementEmailJob\\u0000announcement\\\";O:45:\\\"Illuminate\\\\Contracts\\\\Database\\\\ModelIdentifier\\\":4:{s:5:\\\"class\\\";s:23:\\\"App\\\\Models\\\\Announcement\\\";s:2:\\\"id\\\";i:36;s:9:\\\"relations\\\";a:11:{i:0;s:5:\\\"class\\\";i:1;s:13:\\\"class.section\\\";i:2;s:20:\\\"class.section.course\\\";i:3;s:21:\\\"class.section.teacher\\\";i:4;s:29:\\\"class.section.teacher.teacher\\\";i:5;s:39:\\\"class.section.teacher.teacher.courses_R\\\";i:6;s:42:\\\"class.section.teacher.teacher.department_R\\\";i:7;s:29:\\\"class.section.student_courses\\\";i:8;s:37:\\\"class.section.student_courses.student\\\";i:9;s:45:\\\"class.section.student_courses.student.student\\\";i:10;s:56:\\\"class.section.student_courses.student.student.department\\\";}s:10:\\\"connection\\\";s:5:\\\"mysql\\\";}s:3:\\\"job\\\";N;s:10:\\\"connection\\\";N;s:5:\\\"queue\\\";N;s:15:\\\"chainConnection\\\";N;s:10:\\\"chainQueue\\\";N;s:19:\\\"chainCatchCallbacks\\\";N;s:5:\\\"delay\\\";N;s:11:\\\"afterCommit\\\";N;s:10:\\\"middleware\\\";a:0:{}s:7:\\\"chained\\\";a:0:{}}\"}}', 'ErrorException: Trying to get property \'student_courses\' of non-object in D:\\Personal Dev\\Laravel\\LearningManagementSystem\\app\\Jobs\\AnnouncementEmailJob.php:45\nStack trace:\n#0 D:\\Personal Dev\\Laravel\\LearningManagementSystem\\app\\Jobs\\AnnouncementEmailJob.php(45): Illuminate\\Foundation\\Bootstrap\\HandleExceptions->handleError(8, \'Trying to get p...\', \'D:\\\\Personal Dev...\', 45, Array)\n#1 D:\\Personal Dev\\Laravel\\LearningManagementSystem\\vendor\\laravel\\framework\\src\\Illuminate\\Container\\BoundMethod.php(36): App\\Jobs\\AnnouncementEmailJob->handle()\n#2 D:\\Personal Dev\\Laravel\\LearningManagementSystem\\vendor\\laravel\\framework\\src\\Illuminate\\Container\\Util.php(40): Illuminate\\Container\\BoundMethod::Illuminate\\Container\\{closure}()\n#3 D:\\Personal Dev\\Laravel\\LearningManagementSystem\\vendor\\laravel\\framework\\src\\Illuminate\\Container\\BoundMethod.php(93): Illuminate\\Container\\Util::unwrapIfClosure(Object(Closure))\n#4 D:\\Personal Dev\\Laravel\\LearningManagementSystem\\vendor\\laravel\\framework\\src\\Illuminate\\Container\\BoundMethod.php(37): Illuminate\\Container\\BoundMethod::callBoundMethod(Object(Illuminate\\Foundation\\Application), Array, Object(Closure))\n#5 D:\\Personal Dev\\Laravel\\LearningManagementSystem\\vendor\\laravel\\framework\\src\\Illuminate\\Container\\Container.php(653): Illuminate\\Container\\BoundMethod::call(Object(Illuminate\\Foundation\\Application), Array, Array, NULL)\n#6 D:\\Personal Dev\\Laravel\\LearningManagementSystem\\vendor\\laravel\\framework\\src\\Illuminate\\Bus\\Dispatcher.php(128): Illuminate\\Container\\Container->call(Array)\n#7 D:\\Personal Dev\\Laravel\\LearningManagementSystem\\vendor\\laravel\\framework\\src\\Illuminate\\Pipeline\\Pipeline.php(128): Illuminate\\Bus\\Dispatcher->Illuminate\\Bus\\{closure}(Object(App\\Jobs\\AnnouncementEmailJob))\n#8 D:\\Personal Dev\\Laravel\\LearningManagementSystem\\vendor\\laravel\\framework\\src\\Illuminate\\Pipeline\\Pipeline.php(103): Illuminate\\Pipeline\\Pipeline->Illuminate\\Pipeline\\{closure}(Object(App\\Jobs\\AnnouncementEmailJob))\n#9 D:\\Personal Dev\\Laravel\\LearningManagementSystem\\vendor\\laravel\\framework\\src\\Illuminate\\Bus\\Dispatcher.php(132): Illuminate\\Pipeline\\Pipeline->then(Object(Closure))\n#10 D:\\Personal Dev\\Laravel\\LearningManagementSystem\\vendor\\laravel\\framework\\src\\Illuminate\\Queue\\CallQueuedHandler.php(120): Illuminate\\Bus\\Dispatcher->dispatchNow(Object(App\\Jobs\\AnnouncementEmailJob), false)\n#11 D:\\Personal Dev\\Laravel\\LearningManagementSystem\\vendor\\laravel\\framework\\src\\Illuminate\\Pipeline\\Pipeline.php(128): Illuminate\\Queue\\CallQueuedHandler->Illuminate\\Queue\\{closure}(Object(App\\Jobs\\AnnouncementEmailJob))\n#12 D:\\Personal Dev\\Laravel\\LearningManagementSystem\\vendor\\laravel\\framework\\src\\Illuminate\\Pipeline\\Pipeline.php(103): Illuminate\\Pipeline\\Pipeline->Illuminate\\Pipeline\\{closure}(Object(App\\Jobs\\AnnouncementEmailJob))\n#13 D:\\Personal Dev\\Laravel\\LearningManagementSystem\\vendor\\laravel\\framework\\src\\Illuminate\\Queue\\CallQueuedHandler.php(122): Illuminate\\Pipeline\\Pipeline->then(Object(Closure))\n#14 D:\\Personal Dev\\Laravel\\LearningManagementSystem\\vendor\\laravel\\framework\\src\\Illuminate\\Queue\\CallQueuedHandler.php(70): Illuminate\\Queue\\CallQueuedHandler->dispatchThroughMiddleware(Object(Illuminate\\Queue\\Jobs\\DatabaseJob), Object(App\\Jobs\\AnnouncementEmailJob))\n#15 D:\\Personal Dev\\Laravel\\LearningManagementSystem\\vendor\\laravel\\framework\\src\\Illuminate\\Queue\\Jobs\\Job.php(98): Illuminate\\Queue\\CallQueuedHandler->call(Object(Illuminate\\Queue\\Jobs\\DatabaseJob), Array)\n#16 D:\\Personal Dev\\Laravel\\LearningManagementSystem\\vendor\\laravel\\framework\\src\\Illuminate\\Queue\\Worker.php(428): Illuminate\\Queue\\Jobs\\Job->fire()\n#17 D:\\Personal Dev\\Laravel\\LearningManagementSystem\\vendor\\laravel\\framework\\src\\Illuminate\\Queue\\Worker.php(378): Illuminate\\Queue\\Worker->process(\'database\', Object(Illuminate\\Queue\\Jobs\\DatabaseJob), Object(Illuminate\\Queue\\WorkerOptions))\n#18 D:\\Personal Dev\\Laravel\\LearningManagementSystem\\vendor\\laravel\\framework\\src\\Illuminate\\Queue\\Worker.php(172): Illuminate\\Queue\\Worker->runJob(Object(Illuminate\\Queue\\Jobs\\DatabaseJob), \'database\', Object(Illuminate\\Queue\\WorkerOptions))\n#19 D:\\Personal Dev\\Laravel\\LearningManagementSystem\\vendor\\laravel\\framework\\src\\Illuminate\\Queue\\Console\\WorkCommand.php(117): Illuminate\\Queue\\Worker->daemon(\'database\', \'default\', Object(Illuminate\\Queue\\WorkerOptions))\n#20 D:\\Personal Dev\\Laravel\\LearningManagementSystem\\vendor\\laravel\\framework\\src\\Illuminate\\Queue\\Console\\WorkCommand.php(101): Illuminate\\Queue\\Console\\WorkCommand->runWorker(\'database\', \'default\')\n#21 D:\\Personal Dev\\Laravel\\LearningManagementSystem\\vendor\\laravel\\framework\\src\\Illuminate\\Container\\BoundMethod.php(36): Illuminate\\Queue\\Console\\WorkCommand->handle()\n#22 D:\\Personal Dev\\Laravel\\LearningManagementSystem\\vendor\\laravel\\framework\\src\\Illuminate\\Container\\Util.php(40): Illuminate\\Container\\BoundMethod::Illuminate\\Container\\{closure}()\n#23 D:\\Personal Dev\\Laravel\\LearningManagementSystem\\vendor\\laravel\\framework\\src\\Illuminate\\Container\\BoundMethod.php(93): Illuminate\\Container\\Util::unwrapIfClosure(Object(Closure))\n#24 D:\\Personal Dev\\Laravel\\LearningManagementSystem\\vendor\\laravel\\framework\\src\\Illuminate\\Container\\BoundMethod.php(37): Illuminate\\Container\\BoundMethod::callBoundMethod(Object(Illuminate\\Foundation\\Application), Array, Object(Closure))\n#25 D:\\Personal Dev\\Laravel\\LearningManagementSystem\\vendor\\laravel\\framework\\src\\Illuminate\\Container\\Container.php(653): Illuminate\\Container\\BoundMethod::call(Object(Illuminate\\Foundation\\Application), Array, Array, NULL)\n#26 D:\\Personal Dev\\Laravel\\LearningManagementSystem\\vendor\\laravel\\framework\\src\\Illuminate\\Console\\Command.php(136): Illuminate\\Container\\Container->call(Array)\n#27 D:\\Personal Dev\\Laravel\\LearningManagementSystem\\vendor\\symfony\\console\\Command\\Command.php(298): Illuminate\\Console\\Command->execute(Object(Symfony\\Component\\Console\\Input\\ArgvInput), Object(Illuminate\\Console\\OutputStyle))\n#28 D:\\Personal Dev\\Laravel\\LearningManagementSystem\\vendor\\laravel\\framework\\src\\Illuminate\\Console\\Command.php(121): Symfony\\Component\\Console\\Command\\Command->run(Object(Symfony\\Component\\Console\\Input\\ArgvInput), Object(Illuminate\\Console\\OutputStyle))\n#29 D:\\Personal Dev\\Laravel\\LearningManagementSystem\\vendor\\symfony\\console\\Application.php(1028): Illuminate\\Console\\Command->run(Object(Symfony\\Component\\Console\\Input\\ArgvInput), Object(Symfony\\Component\\Console\\Output\\ConsoleOutput))\n#30 D:\\Personal Dev\\Laravel\\LearningManagementSystem\\vendor\\symfony\\console\\Application.php(299): Symfony\\Component\\Console\\Application->doRunCommand(Object(Illuminate\\Queue\\Console\\WorkCommand), Object(Symfony\\Component\\Console\\Input\\ArgvInput), Object(Symfony\\Component\\Console\\Output\\ConsoleOutput))\n#31 D:\\Personal Dev\\Laravel\\LearningManagementSystem\\vendor\\symfony\\console\\Application.php(171): Symfony\\Component\\Console\\Application->doRun(Object(Symfony\\Component\\Console\\Input\\ArgvInput), Object(Symfony\\Component\\Console\\Output\\ConsoleOutput))\n#32 D:\\Personal Dev\\Laravel\\LearningManagementSystem\\vendor\\laravel\\framework\\src\\Illuminate\\Console\\Application.php(94): Symfony\\Component\\Console\\Application->run(Object(Symfony\\Component\\Console\\Input\\ArgvInput), Object(Symfony\\Component\\Console\\Output\\ConsoleOutput))\n#33 D:\\Personal Dev\\Laravel\\LearningManagementSystem\\vendor\\laravel\\framework\\src\\Illuminate\\Foundation\\Console\\Kernel.php(129): Illuminate\\Console\\Application->run(Object(Symfony\\Component\\Console\\Input\\ArgvInput), Object(Symfony\\Component\\Console\\Output\\ConsoleOutput))\n#34 D:\\Personal Dev\\Laravel\\LearningManagementSystem\\artisan(37): Illuminate\\Foundation\\Console\\Kernel->handle(Object(Symfony\\Component\\Console\\Input\\ArgvInput), Object(Symfony\\Component\\Console\\Output\\ConsoleOutput))\n#35 {main}', '2022-10-14 15:04:54'),
(3, '8eb1ed6f-8a68-4c03-a6b3-2552f26e3ccb', 'database', 'default', '{\"uuid\":\"8eb1ed6f-8a68-4c03-a6b3-2552f26e3ccb\",\"displayName\":\"App\\\\Jobs\\\\AnnouncementEmailJob\",\"job\":\"Illuminate\\\\Queue\\\\CallQueuedHandler@call\",\"maxTries\":null,\"maxExceptions\":null,\"failOnTimeout\":false,\"backoff\":null,\"timeout\":null,\"retryUntil\":null,\"data\":{\"commandName\":\"App\\\\Jobs\\\\AnnouncementEmailJob\",\"command\":\"O:29:\\\"App\\\\Jobs\\\\AnnouncementEmailJob\\\":11:{s:43:\\\"\\u0000App\\\\Jobs\\\\AnnouncementEmailJob\\u0000announcement\\\";O:45:\\\"Illuminate\\\\Contracts\\\\Database\\\\ModelIdentifier\\\":4:{s:5:\\\"class\\\";s:23:\\\"App\\\\Models\\\\Announcement\\\";s:2:\\\"id\\\";i:37;s:9:\\\"relations\\\";a:11:{i:0;s:5:\\\"class\\\";i:1;s:13:\\\"class.section\\\";i:2;s:20:\\\"class.section.course\\\";i:3;s:21:\\\"class.section.teacher\\\";i:4;s:29:\\\"class.section.teacher.teacher\\\";i:5;s:39:\\\"class.section.teacher.teacher.courses_R\\\";i:6;s:42:\\\"class.section.teacher.teacher.department_R\\\";i:7;s:29:\\\"class.section.student_courses\\\";i:8;s:37:\\\"class.section.student_courses.student\\\";i:9;s:45:\\\"class.section.student_courses.student.student\\\";i:10;s:56:\\\"class.section.student_courses.student.student.department\\\";}s:10:\\\"connection\\\";s:5:\\\"mysql\\\";}s:3:\\\"job\\\";N;s:10:\\\"connection\\\";N;s:5:\\\"queue\\\";N;s:15:\\\"chainConnection\\\";N;s:10:\\\"chainQueue\\\";N;s:19:\\\"chainCatchCallbacks\\\";N;s:5:\\\"delay\\\";N;s:11:\\\"afterCommit\\\";N;s:10:\\\"middleware\\\";a:0:{}s:7:\\\"chained\\\";a:0:{}}\"}}', 'ErrorException: Trying to get property \'student_courses\' of non-object in D:\\Personal Dev\\Laravel\\LearningManagementSystem\\app\\Jobs\\AnnouncementEmailJob.php:45\nStack trace:\n#0 D:\\Personal Dev\\Laravel\\LearningManagementSystem\\app\\Jobs\\AnnouncementEmailJob.php(45): Illuminate\\Foundation\\Bootstrap\\HandleExceptions->handleError(8, \'Trying to get p...\', \'D:\\\\Personal Dev...\', 45, Array)\n#1 D:\\Personal Dev\\Laravel\\LearningManagementSystem\\vendor\\laravel\\framework\\src\\Illuminate\\Container\\BoundMethod.php(36): App\\Jobs\\AnnouncementEmailJob->handle()\n#2 D:\\Personal Dev\\Laravel\\LearningManagementSystem\\vendor\\laravel\\framework\\src\\Illuminate\\Container\\Util.php(40): Illuminate\\Container\\BoundMethod::Illuminate\\Container\\{closure}()\n#3 D:\\Personal Dev\\Laravel\\LearningManagementSystem\\vendor\\laravel\\framework\\src\\Illuminate\\Container\\BoundMethod.php(93): Illuminate\\Container\\Util::unwrapIfClosure(Object(Closure))\n#4 D:\\Personal Dev\\Laravel\\LearningManagementSystem\\vendor\\laravel\\framework\\src\\Illuminate\\Container\\BoundMethod.php(37): Illuminate\\Container\\BoundMethod::callBoundMethod(Object(Illuminate\\Foundation\\Application), Array, Object(Closure))\n#5 D:\\Personal Dev\\Laravel\\LearningManagementSystem\\vendor\\laravel\\framework\\src\\Illuminate\\Container\\Container.php(653): Illuminate\\Container\\BoundMethod::call(Object(Illuminate\\Foundation\\Application), Array, Array, NULL)\n#6 D:\\Personal Dev\\Laravel\\LearningManagementSystem\\vendor\\laravel\\framework\\src\\Illuminate\\Bus\\Dispatcher.php(128): Illuminate\\Container\\Container->call(Array)\n#7 D:\\Personal Dev\\Laravel\\LearningManagementSystem\\vendor\\laravel\\framework\\src\\Illuminate\\Pipeline\\Pipeline.php(128): Illuminate\\Bus\\Dispatcher->Illuminate\\Bus\\{closure}(Object(App\\Jobs\\AnnouncementEmailJob))\n#8 D:\\Personal Dev\\Laravel\\LearningManagementSystem\\vendor\\laravel\\framework\\src\\Illuminate\\Pipeline\\Pipeline.php(103): Illuminate\\Pipeline\\Pipeline->Illuminate\\Pipeline\\{closure}(Object(App\\Jobs\\AnnouncementEmailJob))\n#9 D:\\Personal Dev\\Laravel\\LearningManagementSystem\\vendor\\laravel\\framework\\src\\Illuminate\\Bus\\Dispatcher.php(132): Illuminate\\Pipeline\\Pipeline->then(Object(Closure))\n#10 D:\\Personal Dev\\Laravel\\LearningManagementSystem\\vendor\\laravel\\framework\\src\\Illuminate\\Queue\\CallQueuedHandler.php(120): Illuminate\\Bus\\Dispatcher->dispatchNow(Object(App\\Jobs\\AnnouncementEmailJob), false)\n#11 D:\\Personal Dev\\Laravel\\LearningManagementSystem\\vendor\\laravel\\framework\\src\\Illuminate\\Pipeline\\Pipeline.php(128): Illuminate\\Queue\\CallQueuedHandler->Illuminate\\Queue\\{closure}(Object(App\\Jobs\\AnnouncementEmailJob))\n#12 D:\\Personal Dev\\Laravel\\LearningManagementSystem\\vendor\\laravel\\framework\\src\\Illuminate\\Pipeline\\Pipeline.php(103): Illuminate\\Pipeline\\Pipeline->Illuminate\\Pipeline\\{closure}(Object(App\\Jobs\\AnnouncementEmailJob))\n#13 D:\\Personal Dev\\Laravel\\LearningManagementSystem\\vendor\\laravel\\framework\\src\\Illuminate\\Queue\\CallQueuedHandler.php(122): Illuminate\\Pipeline\\Pipeline->then(Object(Closure))\n#14 D:\\Personal Dev\\Laravel\\LearningManagementSystem\\vendor\\laravel\\framework\\src\\Illuminate\\Queue\\CallQueuedHandler.php(70): Illuminate\\Queue\\CallQueuedHandler->dispatchThroughMiddleware(Object(Illuminate\\Queue\\Jobs\\DatabaseJob), Object(App\\Jobs\\AnnouncementEmailJob))\n#15 D:\\Personal Dev\\Laravel\\LearningManagementSystem\\vendor\\laravel\\framework\\src\\Illuminate\\Queue\\Jobs\\Job.php(98): Illuminate\\Queue\\CallQueuedHandler->call(Object(Illuminate\\Queue\\Jobs\\DatabaseJob), Array)\n#16 D:\\Personal Dev\\Laravel\\LearningManagementSystem\\vendor\\laravel\\framework\\src\\Illuminate\\Queue\\Worker.php(428): Illuminate\\Queue\\Jobs\\Job->fire()\n#17 D:\\Personal Dev\\Laravel\\LearningManagementSystem\\vendor\\laravel\\framework\\src\\Illuminate\\Queue\\Worker.php(378): Illuminate\\Queue\\Worker->process(\'database\', Object(Illuminate\\Queue\\Jobs\\DatabaseJob), Object(Illuminate\\Queue\\WorkerOptions))\n#18 D:\\Personal Dev\\Laravel\\LearningManagementSystem\\vendor\\laravel\\framework\\src\\Illuminate\\Queue\\Worker.php(172): Illuminate\\Queue\\Worker->runJob(Object(Illuminate\\Queue\\Jobs\\DatabaseJob), \'database\', Object(Illuminate\\Queue\\WorkerOptions))\n#19 D:\\Personal Dev\\Laravel\\LearningManagementSystem\\vendor\\laravel\\framework\\src\\Illuminate\\Queue\\Console\\WorkCommand.php(117): Illuminate\\Queue\\Worker->daemon(\'database\', \'default\', Object(Illuminate\\Queue\\WorkerOptions))\n#20 D:\\Personal Dev\\Laravel\\LearningManagementSystem\\vendor\\laravel\\framework\\src\\Illuminate\\Queue\\Console\\WorkCommand.php(101): Illuminate\\Queue\\Console\\WorkCommand->runWorker(\'database\', \'default\')\n#21 D:\\Personal Dev\\Laravel\\LearningManagementSystem\\vendor\\laravel\\framework\\src\\Illuminate\\Container\\BoundMethod.php(36): Illuminate\\Queue\\Console\\WorkCommand->handle()\n#22 D:\\Personal Dev\\Laravel\\LearningManagementSystem\\vendor\\laravel\\framework\\src\\Illuminate\\Container\\Util.php(40): Illuminate\\Container\\BoundMethod::Illuminate\\Container\\{closure}()\n#23 D:\\Personal Dev\\Laravel\\LearningManagementSystem\\vendor\\laravel\\framework\\src\\Illuminate\\Container\\BoundMethod.php(93): Illuminate\\Container\\Util::unwrapIfClosure(Object(Closure))\n#24 D:\\Personal Dev\\Laravel\\LearningManagementSystem\\vendor\\laravel\\framework\\src\\Illuminate\\Container\\BoundMethod.php(37): Illuminate\\Container\\BoundMethod::callBoundMethod(Object(Illuminate\\Foundation\\Application), Array, Object(Closure))\n#25 D:\\Personal Dev\\Laravel\\LearningManagementSystem\\vendor\\laravel\\framework\\src\\Illuminate\\Container\\Container.php(653): Illuminate\\Container\\BoundMethod::call(Object(Illuminate\\Foundation\\Application), Array, Array, NULL)\n#26 D:\\Personal Dev\\Laravel\\LearningManagementSystem\\vendor\\laravel\\framework\\src\\Illuminate\\Console\\Command.php(136): Illuminate\\Container\\Container->call(Array)\n#27 D:\\Personal Dev\\Laravel\\LearningManagementSystem\\vendor\\symfony\\console\\Command\\Command.php(298): Illuminate\\Console\\Command->execute(Object(Symfony\\Component\\Console\\Input\\ArgvInput), Object(Illuminate\\Console\\OutputStyle))\n#28 D:\\Personal Dev\\Laravel\\LearningManagementSystem\\vendor\\laravel\\framework\\src\\Illuminate\\Console\\Command.php(121): Symfony\\Component\\Console\\Command\\Command->run(Object(Symfony\\Component\\Console\\Input\\ArgvInput), Object(Illuminate\\Console\\OutputStyle))\n#29 D:\\Personal Dev\\Laravel\\LearningManagementSystem\\vendor\\symfony\\console\\Application.php(1028): Illuminate\\Console\\Command->run(Object(Symfony\\Component\\Console\\Input\\ArgvInput), Object(Symfony\\Component\\Console\\Output\\ConsoleOutput))\n#30 D:\\Personal Dev\\Laravel\\LearningManagementSystem\\vendor\\symfony\\console\\Application.php(299): Symfony\\Component\\Console\\Application->doRunCommand(Object(Illuminate\\Queue\\Console\\WorkCommand), Object(Symfony\\Component\\Console\\Input\\ArgvInput), Object(Symfony\\Component\\Console\\Output\\ConsoleOutput))\n#31 D:\\Personal Dev\\Laravel\\LearningManagementSystem\\vendor\\symfony\\console\\Application.php(171): Symfony\\Component\\Console\\Application->doRun(Object(Symfony\\Component\\Console\\Input\\ArgvInput), Object(Symfony\\Component\\Console\\Output\\ConsoleOutput))\n#32 D:\\Personal Dev\\Laravel\\LearningManagementSystem\\vendor\\laravel\\framework\\src\\Illuminate\\Console\\Application.php(94): Symfony\\Component\\Console\\Application->run(Object(Symfony\\Component\\Console\\Input\\ArgvInput), Object(Symfony\\Component\\Console\\Output\\ConsoleOutput))\n#33 D:\\Personal Dev\\Laravel\\LearningManagementSystem\\vendor\\laravel\\framework\\src\\Illuminate\\Foundation\\Console\\Kernel.php(129): Illuminate\\Console\\Application->run(Object(Symfony\\Component\\Console\\Input\\ArgvInput), Object(Symfony\\Component\\Console\\Output\\ConsoleOutput))\n#34 D:\\Personal Dev\\Laravel\\LearningManagementSystem\\artisan(37): Illuminate\\Foundation\\Console\\Kernel->handle(Object(Symfony\\Component\\Console\\Input\\ArgvInput), Object(Symfony\\Component\\Console\\Output\\ConsoleOutput))\n#35 {main}', '2022-10-14 15:07:16'),
(4, '972ca822-8ec6-4a31-add4-1ee044fa7a39', 'database', 'default', '{\"uuid\":\"972ca822-8ec6-4a31-add4-1ee044fa7a39\",\"displayName\":\"App\\\\Jobs\\\\AnnouncementEmailJob\",\"job\":\"Illuminate\\\\Queue\\\\CallQueuedHandler@call\",\"maxTries\":null,\"maxExceptions\":null,\"failOnTimeout\":false,\"backoff\":null,\"timeout\":null,\"retryUntil\":null,\"data\":{\"commandName\":\"App\\\\Jobs\\\\AnnouncementEmailJob\",\"command\":\"O:29:\\\"App\\\\Jobs\\\\AnnouncementEmailJob\\\":11:{s:43:\\\"\\u0000App\\\\Jobs\\\\AnnouncementEmailJob\\u0000announcement\\\";O:45:\\\"Illuminate\\\\Contracts\\\\Database\\\\ModelIdentifier\\\":4:{s:5:\\\"class\\\";s:23:\\\"App\\\\Models\\\\Announcement\\\";s:2:\\\"id\\\";i:38;s:9:\\\"relations\\\";a:11:{i:0;s:5:\\\"class\\\";i:1;s:13:\\\"class.section\\\";i:2;s:20:\\\"class.section.course\\\";i:3;s:21:\\\"class.section.teacher\\\";i:4;s:29:\\\"class.section.teacher.teacher\\\";i:5;s:39:\\\"class.section.teacher.teacher.courses_R\\\";i:6;s:42:\\\"class.section.teacher.teacher.department_R\\\";i:7;s:29:\\\"class.section.student_courses\\\";i:8;s:37:\\\"class.section.student_courses.student\\\";i:9;s:45:\\\"class.section.student_courses.student.student\\\";i:10;s:56:\\\"class.section.student_courses.student.student.department\\\";}s:10:\\\"connection\\\";s:5:\\\"mysql\\\";}s:3:\\\"job\\\";N;s:10:\\\"connection\\\";N;s:5:\\\"queue\\\";N;s:15:\\\"chainConnection\\\";N;s:10:\\\"chainQueue\\\";N;s:19:\\\"chainCatchCallbacks\\\";N;s:5:\\\"delay\\\";N;s:11:\\\"afterCommit\\\";N;s:10:\\\"middleware\\\";a:0:{}s:7:\\\"chained\\\";a:0:{}}\"}}', 'ErrorException: Trying to get property \'student_courses\' of non-object in D:\\Personal Dev\\Laravel\\LearningManagementSystem\\app\\Jobs\\AnnouncementEmailJob.php:45\nStack trace:\n#0 D:\\Personal Dev\\Laravel\\LearningManagementSystem\\app\\Jobs\\AnnouncementEmailJob.php(45): Illuminate\\Foundation\\Bootstrap\\HandleExceptions->handleError(8, \'Trying to get p...\', \'D:\\\\Personal Dev...\', 45, Array)\n#1 D:\\Personal Dev\\Laravel\\LearningManagementSystem\\vendor\\laravel\\framework\\src\\Illuminate\\Container\\BoundMethod.php(36): App\\Jobs\\AnnouncementEmailJob->handle()\n#2 D:\\Personal Dev\\Laravel\\LearningManagementSystem\\vendor\\laravel\\framework\\src\\Illuminate\\Container\\Util.php(40): Illuminate\\Container\\BoundMethod::Illuminate\\Container\\{closure}()\n#3 D:\\Personal Dev\\Laravel\\LearningManagementSystem\\vendor\\laravel\\framework\\src\\Illuminate\\Container\\BoundMethod.php(93): Illuminate\\Container\\Util::unwrapIfClosure(Object(Closure))\n#4 D:\\Personal Dev\\Laravel\\LearningManagementSystem\\vendor\\laravel\\framework\\src\\Illuminate\\Container\\BoundMethod.php(37): Illuminate\\Container\\BoundMethod::callBoundMethod(Object(Illuminate\\Foundation\\Application), Array, Object(Closure))\n#5 D:\\Personal Dev\\Laravel\\LearningManagementSystem\\vendor\\laravel\\framework\\src\\Illuminate\\Container\\Container.php(653): Illuminate\\Container\\BoundMethod::call(Object(Illuminate\\Foundation\\Application), Array, Array, NULL)\n#6 D:\\Personal Dev\\Laravel\\LearningManagementSystem\\vendor\\laravel\\framework\\src\\Illuminate\\Bus\\Dispatcher.php(128): Illuminate\\Container\\Container->call(Array)\n#7 D:\\Personal Dev\\Laravel\\LearningManagementSystem\\vendor\\laravel\\framework\\src\\Illuminate\\Pipeline\\Pipeline.php(128): Illuminate\\Bus\\Dispatcher->Illuminate\\Bus\\{closure}(Object(App\\Jobs\\AnnouncementEmailJob))\n#8 D:\\Personal Dev\\Laravel\\LearningManagementSystem\\vendor\\laravel\\framework\\src\\Illuminate\\Pipeline\\Pipeline.php(103): Illuminate\\Pipeline\\Pipeline->Illuminate\\Pipeline\\{closure}(Object(App\\Jobs\\AnnouncementEmailJob))\n#9 D:\\Personal Dev\\Laravel\\LearningManagementSystem\\vendor\\laravel\\framework\\src\\Illuminate\\Bus\\Dispatcher.php(132): Illuminate\\Pipeline\\Pipeline->then(Object(Closure))\n#10 D:\\Personal Dev\\Laravel\\LearningManagementSystem\\vendor\\laravel\\framework\\src\\Illuminate\\Queue\\CallQueuedHandler.php(120): Illuminate\\Bus\\Dispatcher->dispatchNow(Object(App\\Jobs\\AnnouncementEmailJob), false)\n#11 D:\\Personal Dev\\Laravel\\LearningManagementSystem\\vendor\\laravel\\framework\\src\\Illuminate\\Pipeline\\Pipeline.php(128): Illuminate\\Queue\\CallQueuedHandler->Illuminate\\Queue\\{closure}(Object(App\\Jobs\\AnnouncementEmailJob))\n#12 D:\\Personal Dev\\Laravel\\LearningManagementSystem\\vendor\\laravel\\framework\\src\\Illuminate\\Pipeline\\Pipeline.php(103): Illuminate\\Pipeline\\Pipeline->Illuminate\\Pipeline\\{closure}(Object(App\\Jobs\\AnnouncementEmailJob))\n#13 D:\\Personal Dev\\Laravel\\LearningManagementSystem\\vendor\\laravel\\framework\\src\\Illuminate\\Queue\\CallQueuedHandler.php(122): Illuminate\\Pipeline\\Pipeline->then(Object(Closure))\n#14 D:\\Personal Dev\\Laravel\\LearningManagementSystem\\vendor\\laravel\\framework\\src\\Illuminate\\Queue\\CallQueuedHandler.php(70): Illuminate\\Queue\\CallQueuedHandler->dispatchThroughMiddleware(Object(Illuminate\\Queue\\Jobs\\DatabaseJob), Object(App\\Jobs\\AnnouncementEmailJob))\n#15 D:\\Personal Dev\\Laravel\\LearningManagementSystem\\vendor\\laravel\\framework\\src\\Illuminate\\Queue\\Jobs\\Job.php(98): Illuminate\\Queue\\CallQueuedHandler->call(Object(Illuminate\\Queue\\Jobs\\DatabaseJob), Array)\n#16 D:\\Personal Dev\\Laravel\\LearningManagementSystem\\vendor\\laravel\\framework\\src\\Illuminate\\Queue\\Worker.php(428): Illuminate\\Queue\\Jobs\\Job->fire()\n#17 D:\\Personal Dev\\Laravel\\LearningManagementSystem\\vendor\\laravel\\framework\\src\\Illuminate\\Queue\\Worker.php(378): Illuminate\\Queue\\Worker->process(\'database\', Object(Illuminate\\Queue\\Jobs\\DatabaseJob), Object(Illuminate\\Queue\\WorkerOptions))\n#18 D:\\Personal Dev\\Laravel\\LearningManagementSystem\\vendor\\laravel\\framework\\src\\Illuminate\\Queue\\Worker.php(329): Illuminate\\Queue\\Worker->runJob(Object(Illuminate\\Queue\\Jobs\\DatabaseJob), \'database\', Object(Illuminate\\Queue\\WorkerOptions))\n#19 D:\\Personal Dev\\Laravel\\LearningManagementSystem\\vendor\\laravel\\framework\\src\\Illuminate\\Queue\\Console\\WorkCommand.php(117): Illuminate\\Queue\\Worker->runNextJob(\'database\', \'default\', Object(Illuminate\\Queue\\WorkerOptions))\n#20 D:\\Personal Dev\\Laravel\\LearningManagementSystem\\vendor\\laravel\\framework\\src\\Illuminate\\Queue\\Console\\WorkCommand.php(101): Illuminate\\Queue\\Console\\WorkCommand->runWorker(\'database\', \'default\')\n#21 D:\\Personal Dev\\Laravel\\LearningManagementSystem\\vendor\\laravel\\framework\\src\\Illuminate\\Container\\BoundMethod.php(36): Illuminate\\Queue\\Console\\WorkCommand->handle()\n#22 D:\\Personal Dev\\Laravel\\LearningManagementSystem\\vendor\\laravel\\framework\\src\\Illuminate\\Container\\Util.php(40): Illuminate\\Container\\BoundMethod::Illuminate\\Container\\{closure}()\n#23 D:\\Personal Dev\\Laravel\\LearningManagementSystem\\vendor\\laravel\\framework\\src\\Illuminate\\Container\\BoundMethod.php(93): Illuminate\\Container\\Util::unwrapIfClosure(Object(Closure))\n#24 D:\\Personal Dev\\Laravel\\LearningManagementSystem\\vendor\\laravel\\framework\\src\\Illuminate\\Container\\BoundMethod.php(37): Illuminate\\Container\\BoundMethod::callBoundMethod(Object(Illuminate\\Foundation\\Application), Array, Object(Closure))\n#25 D:\\Personal Dev\\Laravel\\LearningManagementSystem\\vendor\\laravel\\framework\\src\\Illuminate\\Container\\Container.php(653): Illuminate\\Container\\BoundMethod::call(Object(Illuminate\\Foundation\\Application), Array, Array, NULL)\n#26 D:\\Personal Dev\\Laravel\\LearningManagementSystem\\vendor\\laravel\\framework\\src\\Illuminate\\Console\\Command.php(136): Illuminate\\Container\\Container->call(Array)\n#27 D:\\Personal Dev\\Laravel\\LearningManagementSystem\\vendor\\symfony\\console\\Command\\Command.php(298): Illuminate\\Console\\Command->execute(Object(Symfony\\Component\\Console\\Input\\ArgvInput), Object(Illuminate\\Console\\OutputStyle))\n#28 D:\\Personal Dev\\Laravel\\LearningManagementSystem\\vendor\\laravel\\framework\\src\\Illuminate\\Console\\Command.php(121): Symfony\\Component\\Console\\Command\\Command->run(Object(Symfony\\Component\\Console\\Input\\ArgvInput), Object(Illuminate\\Console\\OutputStyle))\n#29 D:\\Personal Dev\\Laravel\\LearningManagementSystem\\vendor\\symfony\\console\\Application.php(1028): Illuminate\\Console\\Command->run(Object(Symfony\\Component\\Console\\Input\\ArgvInput), Object(Symfony\\Component\\Console\\Output\\ConsoleOutput))\n#30 D:\\Personal Dev\\Laravel\\LearningManagementSystem\\vendor\\symfony\\console\\Application.php(299): Symfony\\Component\\Console\\Application->doRunCommand(Object(Illuminate\\Queue\\Console\\WorkCommand), Object(Symfony\\Component\\Console\\Input\\ArgvInput), Object(Symfony\\Component\\Console\\Output\\ConsoleOutput))\n#31 D:\\Personal Dev\\Laravel\\LearningManagementSystem\\vendor\\symfony\\console\\Application.php(171): Symfony\\Component\\Console\\Application->doRun(Object(Symfony\\Component\\Console\\Input\\ArgvInput), Object(Symfony\\Component\\Console\\Output\\ConsoleOutput))\n#32 D:\\Personal Dev\\Laravel\\LearningManagementSystem\\vendor\\laravel\\framework\\src\\Illuminate\\Console\\Application.php(94): Symfony\\Component\\Console\\Application->run(Object(Symfony\\Component\\Console\\Input\\ArgvInput), Object(Symfony\\Component\\Console\\Output\\ConsoleOutput))\n#33 D:\\Personal Dev\\Laravel\\LearningManagementSystem\\vendor\\laravel\\framework\\src\\Illuminate\\Foundation\\Console\\Kernel.php(129): Illuminate\\Console\\Application->run(Object(Symfony\\Component\\Console\\Input\\ArgvInput), Object(Symfony\\Component\\Console\\Output\\ConsoleOutput))\n#34 D:\\Personal Dev\\Laravel\\LearningManagementSystem\\artisan(37): Illuminate\\Foundation\\Console\\Kernel->handle(Object(Symfony\\Component\\Console\\Input\\ArgvInput), Object(Symfony\\Component\\Console\\Output\\ConsoleOutput))\n#35 {main}', '2022-10-14 15:07:45'),
(5, '1d567db6-b061-4dbc-900c-170c7087d171', 'database', 'default', '{\"uuid\":\"1d567db6-b061-4dbc-900c-170c7087d171\",\"displayName\":\"App\\\\Jobs\\\\AnnouncementEmailJob\",\"job\":\"Illuminate\\\\Queue\\\\CallQueuedHandler@call\",\"maxTries\":null,\"maxExceptions\":null,\"failOnTimeout\":false,\"backoff\":null,\"timeout\":null,\"retryUntil\":null,\"data\":{\"commandName\":\"App\\\\Jobs\\\\AnnouncementEmailJob\",\"command\":\"O:29:\\\"App\\\\Jobs\\\\AnnouncementEmailJob\\\":11:{s:43:\\\"\\u0000App\\\\Jobs\\\\AnnouncementEmailJob\\u0000announcement\\\";O:45:\\\"Illuminate\\\\Contracts\\\\Database\\\\ModelIdentifier\\\":4:{s:5:\\\"class\\\";s:23:\\\"App\\\\Models\\\\Announcement\\\";s:2:\\\"id\\\";i:39;s:9:\\\"relations\\\";a:11:{i:0;s:5:\\\"class\\\";i:1;s:13:\\\"class.section\\\";i:2;s:20:\\\"class.section.course\\\";i:3;s:21:\\\"class.section.teacher\\\";i:4;s:29:\\\"class.section.teacher.teacher\\\";i:5;s:39:\\\"class.section.teacher.teacher.courses_R\\\";i:6;s:42:\\\"class.section.teacher.teacher.department_R\\\";i:7;s:29:\\\"class.section.student_courses\\\";i:8;s:37:\\\"class.section.student_courses.student\\\";i:9;s:45:\\\"class.section.student_courses.student.student\\\";i:10;s:56:\\\"class.section.student_courses.student.student.department\\\";}s:10:\\\"connection\\\";s:5:\\\"mysql\\\";}s:3:\\\"job\\\";N;s:10:\\\"connection\\\";N;s:5:\\\"queue\\\";N;s:15:\\\"chainConnection\\\";N;s:10:\\\"chainQueue\\\";N;s:19:\\\"chainCatchCallbacks\\\";N;s:5:\\\"delay\\\";N;s:11:\\\"afterCommit\\\";N;s:10:\\\"middleware\\\";a:0:{}s:7:\\\"chained\\\";a:0:{}}\"}}', 'ErrorException: Trying to get property \'student_courses\' of non-object in D:\\Personal Dev\\Laravel\\LearningManagementSystem\\app\\Jobs\\AnnouncementEmailJob.php:45\nStack trace:\n#0 D:\\Personal Dev\\Laravel\\LearningManagementSystem\\app\\Jobs\\AnnouncementEmailJob.php(45): Illuminate\\Foundation\\Bootstrap\\HandleExceptions->handleError(8, \'Trying to get p...\', \'D:\\\\Personal Dev...\', 45, Array)\n#1 D:\\Personal Dev\\Laravel\\LearningManagementSystem\\vendor\\laravel\\framework\\src\\Illuminate\\Container\\BoundMethod.php(36): App\\Jobs\\AnnouncementEmailJob->handle()\n#2 D:\\Personal Dev\\Laravel\\LearningManagementSystem\\vendor\\laravel\\framework\\src\\Illuminate\\Container\\Util.php(40): Illuminate\\Container\\BoundMethod::Illuminate\\Container\\{closure}()\n#3 D:\\Personal Dev\\Laravel\\LearningManagementSystem\\vendor\\laravel\\framework\\src\\Illuminate\\Container\\BoundMethod.php(93): Illuminate\\Container\\Util::unwrapIfClosure(Object(Closure))\n#4 D:\\Personal Dev\\Laravel\\LearningManagementSystem\\vendor\\laravel\\framework\\src\\Illuminate\\Container\\BoundMethod.php(37): Illuminate\\Container\\BoundMethod::callBoundMethod(Object(Illuminate\\Foundation\\Application), Array, Object(Closure))\n#5 D:\\Personal Dev\\Laravel\\LearningManagementSystem\\vendor\\laravel\\framework\\src\\Illuminate\\Container\\Container.php(653): Illuminate\\Container\\BoundMethod::call(Object(Illuminate\\Foundation\\Application), Array, Array, NULL)\n#6 D:\\Personal Dev\\Laravel\\LearningManagementSystem\\vendor\\laravel\\framework\\src\\Illuminate\\Bus\\Dispatcher.php(128): Illuminate\\Container\\Container->call(Array)\n#7 D:\\Personal Dev\\Laravel\\LearningManagementSystem\\vendor\\laravel\\framework\\src\\Illuminate\\Pipeline\\Pipeline.php(128): Illuminate\\Bus\\Dispatcher->Illuminate\\Bus\\{closure}(Object(App\\Jobs\\AnnouncementEmailJob))\n#8 D:\\Personal Dev\\Laravel\\LearningManagementSystem\\vendor\\laravel\\framework\\src\\Illuminate\\Pipeline\\Pipeline.php(103): Illuminate\\Pipeline\\Pipeline->Illuminate\\Pipeline\\{closure}(Object(App\\Jobs\\AnnouncementEmailJob))\n#9 D:\\Personal Dev\\Laravel\\LearningManagementSystem\\vendor\\laravel\\framework\\src\\Illuminate\\Bus\\Dispatcher.php(132): Illuminate\\Pipeline\\Pipeline->then(Object(Closure))\n#10 D:\\Personal Dev\\Laravel\\LearningManagementSystem\\vendor\\laravel\\framework\\src\\Illuminate\\Queue\\CallQueuedHandler.php(120): Illuminate\\Bus\\Dispatcher->dispatchNow(Object(App\\Jobs\\AnnouncementEmailJob), false)\n#11 D:\\Personal Dev\\Laravel\\LearningManagementSystem\\vendor\\laravel\\framework\\src\\Illuminate\\Pipeline\\Pipeline.php(128): Illuminate\\Queue\\CallQueuedHandler->Illuminate\\Queue\\{closure}(Object(App\\Jobs\\AnnouncementEmailJob))\n#12 D:\\Personal Dev\\Laravel\\LearningManagementSystem\\vendor\\laravel\\framework\\src\\Illuminate\\Pipeline\\Pipeline.php(103): Illuminate\\Pipeline\\Pipeline->Illuminate\\Pipeline\\{closure}(Object(App\\Jobs\\AnnouncementEmailJob))\n#13 D:\\Personal Dev\\Laravel\\LearningManagementSystem\\vendor\\laravel\\framework\\src\\Illuminate\\Queue\\CallQueuedHandler.php(122): Illuminate\\Pipeline\\Pipeline->then(Object(Closure))\n#14 D:\\Personal Dev\\Laravel\\LearningManagementSystem\\vendor\\laravel\\framework\\src\\Illuminate\\Queue\\CallQueuedHandler.php(70): Illuminate\\Queue\\CallQueuedHandler->dispatchThroughMiddleware(Object(Illuminate\\Queue\\Jobs\\DatabaseJob), Object(App\\Jobs\\AnnouncementEmailJob))\n#15 D:\\Personal Dev\\Laravel\\LearningManagementSystem\\vendor\\laravel\\framework\\src\\Illuminate\\Queue\\Jobs\\Job.php(98): Illuminate\\Queue\\CallQueuedHandler->call(Object(Illuminate\\Queue\\Jobs\\DatabaseJob), Array)\n#16 D:\\Personal Dev\\Laravel\\LearningManagementSystem\\vendor\\laravel\\framework\\src\\Illuminate\\Queue\\Worker.php(428): Illuminate\\Queue\\Jobs\\Job->fire()\n#17 D:\\Personal Dev\\Laravel\\LearningManagementSystem\\vendor\\laravel\\framework\\src\\Illuminate\\Queue\\Worker.php(378): Illuminate\\Queue\\Worker->process(\'database\', Object(Illuminate\\Queue\\Jobs\\DatabaseJob), Object(Illuminate\\Queue\\WorkerOptions))\n#18 D:\\Personal Dev\\Laravel\\LearningManagementSystem\\vendor\\laravel\\framework\\src\\Illuminate\\Queue\\Worker.php(329): Illuminate\\Queue\\Worker->runJob(Object(Illuminate\\Queue\\Jobs\\DatabaseJob), \'database\', Object(Illuminate\\Queue\\WorkerOptions))\n#19 D:\\Personal Dev\\Laravel\\LearningManagementSystem\\vendor\\laravel\\framework\\src\\Illuminate\\Queue\\Console\\WorkCommand.php(117): Illuminate\\Queue\\Worker->runNextJob(\'database\', \'default\', Object(Illuminate\\Queue\\WorkerOptions))\n#20 D:\\Personal Dev\\Laravel\\LearningManagementSystem\\vendor\\laravel\\framework\\src\\Illuminate\\Queue\\Console\\WorkCommand.php(101): Illuminate\\Queue\\Console\\WorkCommand->runWorker(\'database\', \'default\')\n#21 D:\\Personal Dev\\Laravel\\LearningManagementSystem\\vendor\\laravel\\framework\\src\\Illuminate\\Container\\BoundMethod.php(36): Illuminate\\Queue\\Console\\WorkCommand->handle()\n#22 D:\\Personal Dev\\Laravel\\LearningManagementSystem\\vendor\\laravel\\framework\\src\\Illuminate\\Container\\Util.php(40): Illuminate\\Container\\BoundMethod::Illuminate\\Container\\{closure}()\n#23 D:\\Personal Dev\\Laravel\\LearningManagementSystem\\vendor\\laravel\\framework\\src\\Illuminate\\Container\\BoundMethod.php(93): Illuminate\\Container\\Util::unwrapIfClosure(Object(Closure))\n#24 D:\\Personal Dev\\Laravel\\LearningManagementSystem\\vendor\\laravel\\framework\\src\\Illuminate\\Container\\BoundMethod.php(37): Illuminate\\Container\\BoundMethod::callBoundMethod(Object(Illuminate\\Foundation\\Application), Array, Object(Closure))\n#25 D:\\Personal Dev\\Laravel\\LearningManagementSystem\\vendor\\laravel\\framework\\src\\Illuminate\\Container\\Container.php(653): Illuminate\\Container\\BoundMethod::call(Object(Illuminate\\Foundation\\Application), Array, Array, NULL)\n#26 D:\\Personal Dev\\Laravel\\LearningManagementSystem\\vendor\\laravel\\framework\\src\\Illuminate\\Console\\Command.php(136): Illuminate\\Container\\Container->call(Array)\n#27 D:\\Personal Dev\\Laravel\\LearningManagementSystem\\vendor\\symfony\\console\\Command\\Command.php(298): Illuminate\\Console\\Command->execute(Object(Symfony\\Component\\Console\\Input\\ArgvInput), Object(Illuminate\\Console\\OutputStyle))\n#28 D:\\Personal Dev\\Laravel\\LearningManagementSystem\\vendor\\laravel\\framework\\src\\Illuminate\\Console\\Command.php(121): Symfony\\Component\\Console\\Command\\Command->run(Object(Symfony\\Component\\Console\\Input\\ArgvInput), Object(Illuminate\\Console\\OutputStyle))\n#29 D:\\Personal Dev\\Laravel\\LearningManagementSystem\\vendor\\symfony\\console\\Application.php(1028): Illuminate\\Console\\Command->run(Object(Symfony\\Component\\Console\\Input\\ArgvInput), Object(Symfony\\Component\\Console\\Output\\ConsoleOutput))\n#30 D:\\Personal Dev\\Laravel\\LearningManagementSystem\\vendor\\symfony\\console\\Application.php(299): Symfony\\Component\\Console\\Application->doRunCommand(Object(Illuminate\\Queue\\Console\\WorkCommand), Object(Symfony\\Component\\Console\\Input\\ArgvInput), Object(Symfony\\Component\\Console\\Output\\ConsoleOutput))\n#31 D:\\Personal Dev\\Laravel\\LearningManagementSystem\\vendor\\symfony\\console\\Application.php(171): Symfony\\Component\\Console\\Application->doRun(Object(Symfony\\Component\\Console\\Input\\ArgvInput), Object(Symfony\\Component\\Console\\Output\\ConsoleOutput))\n#32 D:\\Personal Dev\\Laravel\\LearningManagementSystem\\vendor\\laravel\\framework\\src\\Illuminate\\Console\\Application.php(94): Symfony\\Component\\Console\\Application->run(Object(Symfony\\Component\\Console\\Input\\ArgvInput), Object(Symfony\\Component\\Console\\Output\\ConsoleOutput))\n#33 D:\\Personal Dev\\Laravel\\LearningManagementSystem\\vendor\\laravel\\framework\\src\\Illuminate\\Foundation\\Console\\Kernel.php(129): Illuminate\\Console\\Application->run(Object(Symfony\\Component\\Console\\Input\\ArgvInput), Object(Symfony\\Component\\Console\\Output\\ConsoleOutput))\n#34 D:\\Personal Dev\\Laravel\\LearningManagementSystem\\artisan(37): Illuminate\\Foundation\\Console\\Kernel->handle(Object(Symfony\\Component\\Console\\Input\\ArgvInput), Object(Symfony\\Component\\Console\\Output\\ConsoleOutput))\n#35 {main}', '2022-10-15 03:09:30');
INSERT INTO `failed_jobs` (`id`, `uuid`, `connection`, `queue`, `payload`, `exception`, `failed_at`) VALUES
(6, '95b91d34-c2b4-4a1c-bd1b-8abff85b2a4e', 'database', 'default', '{\"uuid\":\"95b91d34-c2b4-4a1c-bd1b-8abff85b2a4e\",\"displayName\":\"App\\\\Jobs\\\\AnnouncementEmailJob\",\"job\":\"Illuminate\\\\Queue\\\\CallQueuedHandler@call\",\"maxTries\":null,\"maxExceptions\":null,\"failOnTimeout\":false,\"backoff\":null,\"timeout\":null,\"retryUntil\":null,\"data\":{\"commandName\":\"App\\\\Jobs\\\\AnnouncementEmailJob\",\"command\":\"O:29:\\\"App\\\\Jobs\\\\AnnouncementEmailJob\\\":11:{s:43:\\\"\\u0000App\\\\Jobs\\\\AnnouncementEmailJob\\u0000announcement\\\";O:45:\\\"Illuminate\\\\Contracts\\\\Database\\\\ModelIdentifier\\\":4:{s:5:\\\"class\\\";s:23:\\\"App\\\\Models\\\\Announcement\\\";s:2:\\\"id\\\";i:40;s:9:\\\"relations\\\";a:11:{i:0;s:5:\\\"class\\\";i:1;s:13:\\\"class.section\\\";i:2;s:20:\\\"class.section.course\\\";i:3;s:21:\\\"class.section.teacher\\\";i:4;s:29:\\\"class.section.teacher.teacher\\\";i:5;s:39:\\\"class.section.teacher.teacher.courses_R\\\";i:6;s:42:\\\"class.section.teacher.teacher.department_R\\\";i:7;s:29:\\\"class.section.student_courses\\\";i:8;s:37:\\\"class.section.student_courses.student\\\";i:9;s:45:\\\"class.section.student_courses.student.student\\\";i:10;s:56:\\\"class.section.student_courses.student.student.department\\\";}s:10:\\\"connection\\\";s:5:\\\"mysql\\\";}s:3:\\\"job\\\";N;s:10:\\\"connection\\\";N;s:5:\\\"queue\\\";N;s:15:\\\"chainConnection\\\";N;s:10:\\\"chainQueue\\\";N;s:19:\\\"chainCatchCallbacks\\\";N;s:5:\\\"delay\\\";N;s:11:\\\"afterCommit\\\";N;s:10:\\\"middleware\\\";a:0:{}s:7:\\\"chained\\\";a:0:{}}\"}}', 'ErrorException: Trying to get property \'student_courses\' of non-object in D:\\Personal Dev\\Laravel\\LearningManagementSystem\\app\\Jobs\\AnnouncementEmailJob.php:45\nStack trace:\n#0 D:\\Personal Dev\\Laravel\\LearningManagementSystem\\app\\Jobs\\AnnouncementEmailJob.php(45): Illuminate\\Foundation\\Bootstrap\\HandleExceptions->handleError(8, \'Trying to get p...\', \'D:\\\\Personal Dev...\', 45, Array)\n#1 D:\\Personal Dev\\Laravel\\LearningManagementSystem\\vendor\\laravel\\framework\\src\\Illuminate\\Container\\BoundMethod.php(36): App\\Jobs\\AnnouncementEmailJob->handle()\n#2 D:\\Personal Dev\\Laravel\\LearningManagementSystem\\vendor\\laravel\\framework\\src\\Illuminate\\Container\\Util.php(40): Illuminate\\Container\\BoundMethod::Illuminate\\Container\\{closure}()\n#3 D:\\Personal Dev\\Laravel\\LearningManagementSystem\\vendor\\laravel\\framework\\src\\Illuminate\\Container\\BoundMethod.php(93): Illuminate\\Container\\Util::unwrapIfClosure(Object(Closure))\n#4 D:\\Personal Dev\\Laravel\\LearningManagementSystem\\vendor\\laravel\\framework\\src\\Illuminate\\Container\\BoundMethod.php(37): Illuminate\\Container\\BoundMethod::callBoundMethod(Object(Illuminate\\Foundation\\Application), Array, Object(Closure))\n#5 D:\\Personal Dev\\Laravel\\LearningManagementSystem\\vendor\\laravel\\framework\\src\\Illuminate\\Container\\Container.php(653): Illuminate\\Container\\BoundMethod::call(Object(Illuminate\\Foundation\\Application), Array, Array, NULL)\n#6 D:\\Personal Dev\\Laravel\\LearningManagementSystem\\vendor\\laravel\\framework\\src\\Illuminate\\Bus\\Dispatcher.php(128): Illuminate\\Container\\Container->call(Array)\n#7 D:\\Personal Dev\\Laravel\\LearningManagementSystem\\vendor\\laravel\\framework\\src\\Illuminate\\Pipeline\\Pipeline.php(128): Illuminate\\Bus\\Dispatcher->Illuminate\\Bus\\{closure}(Object(App\\Jobs\\AnnouncementEmailJob))\n#8 D:\\Personal Dev\\Laravel\\LearningManagementSystem\\vendor\\laravel\\framework\\src\\Illuminate\\Pipeline\\Pipeline.php(103): Illuminate\\Pipeline\\Pipeline->Illuminate\\Pipeline\\{closure}(Object(App\\Jobs\\AnnouncementEmailJob))\n#9 D:\\Personal Dev\\Laravel\\LearningManagementSystem\\vendor\\laravel\\framework\\src\\Illuminate\\Bus\\Dispatcher.php(132): Illuminate\\Pipeline\\Pipeline->then(Object(Closure))\n#10 D:\\Personal Dev\\Laravel\\LearningManagementSystem\\vendor\\laravel\\framework\\src\\Illuminate\\Queue\\CallQueuedHandler.php(120): Illuminate\\Bus\\Dispatcher->dispatchNow(Object(App\\Jobs\\AnnouncementEmailJob), false)\n#11 D:\\Personal Dev\\Laravel\\LearningManagementSystem\\vendor\\laravel\\framework\\src\\Illuminate\\Pipeline\\Pipeline.php(128): Illuminate\\Queue\\CallQueuedHandler->Illuminate\\Queue\\{closure}(Object(App\\Jobs\\AnnouncementEmailJob))\n#12 D:\\Personal Dev\\Laravel\\LearningManagementSystem\\vendor\\laravel\\framework\\src\\Illuminate\\Pipeline\\Pipeline.php(103): Illuminate\\Pipeline\\Pipeline->Illuminate\\Pipeline\\{closure}(Object(App\\Jobs\\AnnouncementEmailJob))\n#13 D:\\Personal Dev\\Laravel\\LearningManagementSystem\\vendor\\laravel\\framework\\src\\Illuminate\\Queue\\CallQueuedHandler.php(122): Illuminate\\Pipeline\\Pipeline->then(Object(Closure))\n#14 D:\\Personal Dev\\Laravel\\LearningManagementSystem\\vendor\\laravel\\framework\\src\\Illuminate\\Queue\\CallQueuedHandler.php(70): Illuminate\\Queue\\CallQueuedHandler->dispatchThroughMiddleware(Object(Illuminate\\Queue\\Jobs\\DatabaseJob), Object(App\\Jobs\\AnnouncementEmailJob))\n#15 D:\\Personal Dev\\Laravel\\LearningManagementSystem\\vendor\\laravel\\framework\\src\\Illuminate\\Queue\\Jobs\\Job.php(98): Illuminate\\Queue\\CallQueuedHandler->call(Object(Illuminate\\Queue\\Jobs\\DatabaseJob), Array)\n#16 D:\\Personal Dev\\Laravel\\LearningManagementSystem\\vendor\\laravel\\framework\\src\\Illuminate\\Queue\\Worker.php(428): Illuminate\\Queue\\Jobs\\Job->fire()\n#17 D:\\Personal Dev\\Laravel\\LearningManagementSystem\\vendor\\laravel\\framework\\src\\Illuminate\\Queue\\Worker.php(378): Illuminate\\Queue\\Worker->process(\'database\', Object(Illuminate\\Queue\\Jobs\\DatabaseJob), Object(Illuminate\\Queue\\WorkerOptions))\n#18 D:\\Personal Dev\\Laravel\\LearningManagementSystem\\vendor\\laravel\\framework\\src\\Illuminate\\Queue\\Worker.php(329): Illuminate\\Queue\\Worker->runJob(Object(Illuminate\\Queue\\Jobs\\DatabaseJob), \'database\', Object(Illuminate\\Queue\\WorkerOptions))\n#19 D:\\Personal Dev\\Laravel\\LearningManagementSystem\\vendor\\laravel\\framework\\src\\Illuminate\\Queue\\Console\\WorkCommand.php(117): Illuminate\\Queue\\Worker->runNextJob(\'database\', \'default\', Object(Illuminate\\Queue\\WorkerOptions))\n#20 D:\\Personal Dev\\Laravel\\LearningManagementSystem\\vendor\\laravel\\framework\\src\\Illuminate\\Queue\\Console\\WorkCommand.php(101): Illuminate\\Queue\\Console\\WorkCommand->runWorker(\'database\', \'default\')\n#21 D:\\Personal Dev\\Laravel\\LearningManagementSystem\\vendor\\laravel\\framework\\src\\Illuminate\\Container\\BoundMethod.php(36): Illuminate\\Queue\\Console\\WorkCommand->handle()\n#22 D:\\Personal Dev\\Laravel\\LearningManagementSystem\\vendor\\laravel\\framework\\src\\Illuminate\\Container\\Util.php(40): Illuminate\\Container\\BoundMethod::Illuminate\\Container\\{closure}()\n#23 D:\\Personal Dev\\Laravel\\LearningManagementSystem\\vendor\\laravel\\framework\\src\\Illuminate\\Container\\BoundMethod.php(93): Illuminate\\Container\\Util::unwrapIfClosure(Object(Closure))\n#24 D:\\Personal Dev\\Laravel\\LearningManagementSystem\\vendor\\laravel\\framework\\src\\Illuminate\\Container\\BoundMethod.php(37): Illuminate\\Container\\BoundMethod::callBoundMethod(Object(Illuminate\\Foundation\\Application), Array, Object(Closure))\n#25 D:\\Personal Dev\\Laravel\\LearningManagementSystem\\vendor\\laravel\\framework\\src\\Illuminate\\Container\\Container.php(653): Illuminate\\Container\\BoundMethod::call(Object(Illuminate\\Foundation\\Application), Array, Array, NULL)\n#26 D:\\Personal Dev\\Laravel\\LearningManagementSystem\\vendor\\laravel\\framework\\src\\Illuminate\\Console\\Command.php(136): Illuminate\\Container\\Container->call(Array)\n#27 D:\\Personal Dev\\Laravel\\LearningManagementSystem\\vendor\\symfony\\console\\Command\\Command.php(298): Illuminate\\Console\\Command->execute(Object(Symfony\\Component\\Console\\Input\\ArgvInput), Object(Illuminate\\Console\\OutputStyle))\n#28 D:\\Personal Dev\\Laravel\\LearningManagementSystem\\vendor\\laravel\\framework\\src\\Illuminate\\Console\\Command.php(121): Symfony\\Component\\Console\\Command\\Command->run(Object(Symfony\\Component\\Console\\Input\\ArgvInput), Object(Illuminate\\Console\\OutputStyle))\n#29 D:\\Personal Dev\\Laravel\\LearningManagementSystem\\vendor\\symfony\\console\\Application.php(1028): Illuminate\\Console\\Command->run(Object(Symfony\\Component\\Console\\Input\\ArgvInput), Object(Symfony\\Component\\Console\\Output\\ConsoleOutput))\n#30 D:\\Personal Dev\\Laravel\\LearningManagementSystem\\vendor\\symfony\\console\\Application.php(299): Symfony\\Component\\Console\\Application->doRunCommand(Object(Illuminate\\Queue\\Console\\WorkCommand), Object(Symfony\\Component\\Console\\Input\\ArgvInput), Object(Symfony\\Component\\Console\\Output\\ConsoleOutput))\n#31 D:\\Personal Dev\\Laravel\\LearningManagementSystem\\vendor\\symfony\\console\\Application.php(171): Symfony\\Component\\Console\\Application->doRun(Object(Symfony\\Component\\Console\\Input\\ArgvInput), Object(Symfony\\Component\\Console\\Output\\ConsoleOutput))\n#32 D:\\Personal Dev\\Laravel\\LearningManagementSystem\\vendor\\laravel\\framework\\src\\Illuminate\\Console\\Application.php(94): Symfony\\Component\\Console\\Application->run(Object(Symfony\\Component\\Console\\Input\\ArgvInput), Object(Symfony\\Component\\Console\\Output\\ConsoleOutput))\n#33 D:\\Personal Dev\\Laravel\\LearningManagementSystem\\vendor\\laravel\\framework\\src\\Illuminate\\Foundation\\Console\\Kernel.php(129): Illuminate\\Console\\Application->run(Object(Symfony\\Component\\Console\\Input\\ArgvInput), Object(Symfony\\Component\\Console\\Output\\ConsoleOutput))\n#34 D:\\Personal Dev\\Laravel\\LearningManagementSystem\\artisan(37): Illuminate\\Foundation\\Console\\Kernel->handle(Object(Symfony\\Component\\Console\\Input\\ArgvInput), Object(Symfony\\Component\\Console\\Output\\ConsoleOutput))\n#35 {main}', '2022-10-15 03:10:48'),
(7, '7fb1371a-8efe-4169-ac64-83df89f46d85', 'database', 'default', '{\"uuid\":\"7fb1371a-8efe-4169-ac64-83df89f46d85\",\"displayName\":\"App\\\\Jobs\\\\AnnouncementEmailJob\",\"job\":\"Illuminate\\\\Queue\\\\CallQueuedHandler@call\",\"maxTries\":null,\"maxExceptions\":null,\"failOnTimeout\":false,\"backoff\":null,\"timeout\":null,\"retryUntil\":null,\"data\":{\"commandName\":\"App\\\\Jobs\\\\AnnouncementEmailJob\",\"command\":\"O:29:\\\"App\\\\Jobs\\\\AnnouncementEmailJob\\\":11:{s:43:\\\"\\u0000App\\\\Jobs\\\\AnnouncementEmailJob\\u0000announcement\\\";O:45:\\\"Illuminate\\\\Contracts\\\\Database\\\\ModelIdentifier\\\":4:{s:5:\\\"class\\\";s:23:\\\"App\\\\Models\\\\Announcement\\\";s:2:\\\"id\\\";i:41;s:9:\\\"relations\\\";a:11:{i:0;s:5:\\\"class\\\";i:1;s:13:\\\"class.section\\\";i:2;s:20:\\\"class.section.course\\\";i:3;s:21:\\\"class.section.teacher\\\";i:4;s:29:\\\"class.section.teacher.teacher\\\";i:5;s:39:\\\"class.section.teacher.teacher.courses_R\\\";i:6;s:42:\\\"class.section.teacher.teacher.department_R\\\";i:7;s:29:\\\"class.section.student_courses\\\";i:8;s:37:\\\"class.section.student_courses.student\\\";i:9;s:45:\\\"class.section.student_courses.student.student\\\";i:10;s:56:\\\"class.section.student_courses.student.student.department\\\";}s:10:\\\"connection\\\";s:5:\\\"mysql\\\";}s:3:\\\"job\\\";N;s:10:\\\"connection\\\";N;s:5:\\\"queue\\\";N;s:15:\\\"chainConnection\\\";N;s:10:\\\"chainQueue\\\";N;s:19:\\\"chainCatchCallbacks\\\";N;s:5:\\\"delay\\\";N;s:11:\\\"afterCommit\\\";N;s:10:\\\"middleware\\\";a:0:{}s:7:\\\"chained\\\";a:0:{}}\"}}', 'ErrorException: Trying to get property \'student_courses\' of non-object in D:\\Personal Dev\\Laravel\\LearningManagementSystem\\app\\Jobs\\AnnouncementEmailJob.php:45\nStack trace:\n#0 D:\\Personal Dev\\Laravel\\LearningManagementSystem\\app\\Jobs\\AnnouncementEmailJob.php(45): Illuminate\\Foundation\\Bootstrap\\HandleExceptions->handleError(8, \'Trying to get p...\', \'D:\\\\Personal Dev...\', 45, Array)\n#1 D:\\Personal Dev\\Laravel\\LearningManagementSystem\\vendor\\laravel\\framework\\src\\Illuminate\\Container\\BoundMethod.php(36): App\\Jobs\\AnnouncementEmailJob->handle()\n#2 D:\\Personal Dev\\Laravel\\LearningManagementSystem\\vendor\\laravel\\framework\\src\\Illuminate\\Container\\Util.php(40): Illuminate\\Container\\BoundMethod::Illuminate\\Container\\{closure}()\n#3 D:\\Personal Dev\\Laravel\\LearningManagementSystem\\vendor\\laravel\\framework\\src\\Illuminate\\Container\\BoundMethod.php(93): Illuminate\\Container\\Util::unwrapIfClosure(Object(Closure))\n#4 D:\\Personal Dev\\Laravel\\LearningManagementSystem\\vendor\\laravel\\framework\\src\\Illuminate\\Container\\BoundMethod.php(37): Illuminate\\Container\\BoundMethod::callBoundMethod(Object(Illuminate\\Foundation\\Application), Array, Object(Closure))\n#5 D:\\Personal Dev\\Laravel\\LearningManagementSystem\\vendor\\laravel\\framework\\src\\Illuminate\\Container\\Container.php(653): Illuminate\\Container\\BoundMethod::call(Object(Illuminate\\Foundation\\Application), Array, Array, NULL)\n#6 D:\\Personal Dev\\Laravel\\LearningManagementSystem\\vendor\\laravel\\framework\\src\\Illuminate\\Bus\\Dispatcher.php(128): Illuminate\\Container\\Container->call(Array)\n#7 D:\\Personal Dev\\Laravel\\LearningManagementSystem\\vendor\\laravel\\framework\\src\\Illuminate\\Pipeline\\Pipeline.php(128): Illuminate\\Bus\\Dispatcher->Illuminate\\Bus\\{closure}(Object(App\\Jobs\\AnnouncementEmailJob))\n#8 D:\\Personal Dev\\Laravel\\LearningManagementSystem\\vendor\\laravel\\framework\\src\\Illuminate\\Pipeline\\Pipeline.php(103): Illuminate\\Pipeline\\Pipeline->Illuminate\\Pipeline\\{closure}(Object(App\\Jobs\\AnnouncementEmailJob))\n#9 D:\\Personal Dev\\Laravel\\LearningManagementSystem\\vendor\\laravel\\framework\\src\\Illuminate\\Bus\\Dispatcher.php(132): Illuminate\\Pipeline\\Pipeline->then(Object(Closure))\n#10 D:\\Personal Dev\\Laravel\\LearningManagementSystem\\vendor\\laravel\\framework\\src\\Illuminate\\Queue\\CallQueuedHandler.php(120): Illuminate\\Bus\\Dispatcher->dispatchNow(Object(App\\Jobs\\AnnouncementEmailJob), false)\n#11 D:\\Personal Dev\\Laravel\\LearningManagementSystem\\vendor\\laravel\\framework\\src\\Illuminate\\Pipeline\\Pipeline.php(128): Illuminate\\Queue\\CallQueuedHandler->Illuminate\\Queue\\{closure}(Object(App\\Jobs\\AnnouncementEmailJob))\n#12 D:\\Personal Dev\\Laravel\\LearningManagementSystem\\vendor\\laravel\\framework\\src\\Illuminate\\Pipeline\\Pipeline.php(103): Illuminate\\Pipeline\\Pipeline->Illuminate\\Pipeline\\{closure}(Object(App\\Jobs\\AnnouncementEmailJob))\n#13 D:\\Personal Dev\\Laravel\\LearningManagementSystem\\vendor\\laravel\\framework\\src\\Illuminate\\Queue\\CallQueuedHandler.php(122): Illuminate\\Pipeline\\Pipeline->then(Object(Closure))\n#14 D:\\Personal Dev\\Laravel\\LearningManagementSystem\\vendor\\laravel\\framework\\src\\Illuminate\\Queue\\CallQueuedHandler.php(70): Illuminate\\Queue\\CallQueuedHandler->dispatchThroughMiddleware(Object(Illuminate\\Queue\\Jobs\\DatabaseJob), Object(App\\Jobs\\AnnouncementEmailJob))\n#15 D:\\Personal Dev\\Laravel\\LearningManagementSystem\\vendor\\laravel\\framework\\src\\Illuminate\\Queue\\Jobs\\Job.php(98): Illuminate\\Queue\\CallQueuedHandler->call(Object(Illuminate\\Queue\\Jobs\\DatabaseJob), Array)\n#16 D:\\Personal Dev\\Laravel\\LearningManagementSystem\\vendor\\laravel\\framework\\src\\Illuminate\\Queue\\Worker.php(428): Illuminate\\Queue\\Jobs\\Job->fire()\n#17 D:\\Personal Dev\\Laravel\\LearningManagementSystem\\vendor\\laravel\\framework\\src\\Illuminate\\Queue\\Worker.php(378): Illuminate\\Queue\\Worker->process(\'database\', Object(Illuminate\\Queue\\Jobs\\DatabaseJob), Object(Illuminate\\Queue\\WorkerOptions))\n#18 D:\\Personal Dev\\Laravel\\LearningManagementSystem\\vendor\\laravel\\framework\\src\\Illuminate\\Queue\\Worker.php(329): Illuminate\\Queue\\Worker->runJob(Object(Illuminate\\Queue\\Jobs\\DatabaseJob), \'database\', Object(Illuminate\\Queue\\WorkerOptions))\n#19 D:\\Personal Dev\\Laravel\\LearningManagementSystem\\vendor\\laravel\\framework\\src\\Illuminate\\Queue\\Console\\WorkCommand.php(117): Illuminate\\Queue\\Worker->runNextJob(\'database\', \'default\', Object(Illuminate\\Queue\\WorkerOptions))\n#20 D:\\Personal Dev\\Laravel\\LearningManagementSystem\\vendor\\laravel\\framework\\src\\Illuminate\\Queue\\Console\\WorkCommand.php(101): Illuminate\\Queue\\Console\\WorkCommand->runWorker(\'database\', \'default\')\n#21 D:\\Personal Dev\\Laravel\\LearningManagementSystem\\vendor\\laravel\\framework\\src\\Illuminate\\Container\\BoundMethod.php(36): Illuminate\\Queue\\Console\\WorkCommand->handle()\n#22 D:\\Personal Dev\\Laravel\\LearningManagementSystem\\vendor\\laravel\\framework\\src\\Illuminate\\Container\\Util.php(40): Illuminate\\Container\\BoundMethod::Illuminate\\Container\\{closure}()\n#23 D:\\Personal Dev\\Laravel\\LearningManagementSystem\\vendor\\laravel\\framework\\src\\Illuminate\\Container\\BoundMethod.php(93): Illuminate\\Container\\Util::unwrapIfClosure(Object(Closure))\n#24 D:\\Personal Dev\\Laravel\\LearningManagementSystem\\vendor\\laravel\\framework\\src\\Illuminate\\Container\\BoundMethod.php(37): Illuminate\\Container\\BoundMethod::callBoundMethod(Object(Illuminate\\Foundation\\Application), Array, Object(Closure))\n#25 D:\\Personal Dev\\Laravel\\LearningManagementSystem\\vendor\\laravel\\framework\\src\\Illuminate\\Container\\Container.php(653): Illuminate\\Container\\BoundMethod::call(Object(Illuminate\\Foundation\\Application), Array, Array, NULL)\n#26 D:\\Personal Dev\\Laravel\\LearningManagementSystem\\vendor\\laravel\\framework\\src\\Illuminate\\Console\\Command.php(136): Illuminate\\Container\\Container->call(Array)\n#27 D:\\Personal Dev\\Laravel\\LearningManagementSystem\\vendor\\symfony\\console\\Command\\Command.php(298): Illuminate\\Console\\Command->execute(Object(Symfony\\Component\\Console\\Input\\ArgvInput), Object(Illuminate\\Console\\OutputStyle))\n#28 D:\\Personal Dev\\Laravel\\LearningManagementSystem\\vendor\\laravel\\framework\\src\\Illuminate\\Console\\Command.php(121): Symfony\\Component\\Console\\Command\\Command->run(Object(Symfony\\Component\\Console\\Input\\ArgvInput), Object(Illuminate\\Console\\OutputStyle))\n#29 D:\\Personal Dev\\Laravel\\LearningManagementSystem\\vendor\\symfony\\console\\Application.php(1028): Illuminate\\Console\\Command->run(Object(Symfony\\Component\\Console\\Input\\ArgvInput), Object(Symfony\\Component\\Console\\Output\\ConsoleOutput))\n#30 D:\\Personal Dev\\Laravel\\LearningManagementSystem\\vendor\\symfony\\console\\Application.php(299): Symfony\\Component\\Console\\Application->doRunCommand(Object(Illuminate\\Queue\\Console\\WorkCommand), Object(Symfony\\Component\\Console\\Input\\ArgvInput), Object(Symfony\\Component\\Console\\Output\\ConsoleOutput))\n#31 D:\\Personal Dev\\Laravel\\LearningManagementSystem\\vendor\\symfony\\console\\Application.php(171): Symfony\\Component\\Console\\Application->doRun(Object(Symfony\\Component\\Console\\Input\\ArgvInput), Object(Symfony\\Component\\Console\\Output\\ConsoleOutput))\n#32 D:\\Personal Dev\\Laravel\\LearningManagementSystem\\vendor\\laravel\\framework\\src\\Illuminate\\Console\\Application.php(94): Symfony\\Component\\Console\\Application->run(Object(Symfony\\Component\\Console\\Input\\ArgvInput), Object(Symfony\\Component\\Console\\Output\\ConsoleOutput))\n#33 D:\\Personal Dev\\Laravel\\LearningManagementSystem\\vendor\\laravel\\framework\\src\\Illuminate\\Foundation\\Console\\Kernel.php(129): Illuminate\\Console\\Application->run(Object(Symfony\\Component\\Console\\Input\\ArgvInput), Object(Symfony\\Component\\Console\\Output\\ConsoleOutput))\n#34 D:\\Personal Dev\\Laravel\\LearningManagementSystem\\artisan(37): Illuminate\\Foundation\\Console\\Kernel->handle(Object(Symfony\\Component\\Console\\Input\\ArgvInput), Object(Symfony\\Component\\Console\\Output\\ConsoleOutput))\n#35 {main}', '2022-10-15 03:11:04'),
(8, '21d8a08f-6f09-44ad-8e66-93d575ac8f9c', 'database', 'default', '{\"uuid\":\"21d8a08f-6f09-44ad-8e66-93d575ac8f9c\",\"displayName\":\"App\\\\Jobs\\\\AnnouncementEmailJob\",\"job\":\"Illuminate\\\\Queue\\\\CallQueuedHandler@call\",\"maxTries\":null,\"maxExceptions\":null,\"failOnTimeout\":false,\"backoff\":null,\"timeout\":null,\"retryUntil\":null,\"data\":{\"commandName\":\"App\\\\Jobs\\\\AnnouncementEmailJob\",\"command\":\"O:29:\\\"App\\\\Jobs\\\\AnnouncementEmailJob\\\":11:{s:43:\\\"\\u0000App\\\\Jobs\\\\AnnouncementEmailJob\\u0000announcement\\\";O:45:\\\"Illuminate\\\\Contracts\\\\Database\\\\ModelIdentifier\\\":4:{s:5:\\\"class\\\";s:23:\\\"App\\\\Models\\\\Announcement\\\";s:2:\\\"id\\\";i:42;s:9:\\\"relations\\\";a:11:{i:0;s:5:\\\"class\\\";i:1;s:13:\\\"class.section\\\";i:2;s:20:\\\"class.section.course\\\";i:3;s:21:\\\"class.section.teacher\\\";i:4;s:29:\\\"class.section.teacher.teacher\\\";i:5;s:39:\\\"class.section.teacher.teacher.courses_R\\\";i:6;s:42:\\\"class.section.teacher.teacher.department_R\\\";i:7;s:29:\\\"class.section.student_courses\\\";i:8;s:37:\\\"class.section.student_courses.student\\\";i:9;s:45:\\\"class.section.student_courses.student.student\\\";i:10;s:56:\\\"class.section.student_courses.student.student.department\\\";}s:10:\\\"connection\\\";s:5:\\\"mysql\\\";}s:3:\\\"job\\\";N;s:10:\\\"connection\\\";N;s:5:\\\"queue\\\";N;s:15:\\\"chainConnection\\\";N;s:10:\\\"chainQueue\\\";N;s:19:\\\"chainCatchCallbacks\\\";N;s:5:\\\"delay\\\";N;s:11:\\\"afterCommit\\\";N;s:10:\\\"middleware\\\";a:0:{}s:7:\\\"chained\\\";a:0:{}}\"}}', 'ErrorException: Trying to get property \'student_courses\' of non-object in D:\\Personal Dev\\Laravel\\LearningManagementSystem\\app\\Jobs\\AnnouncementEmailJob.php:45\nStack trace:\n#0 D:\\Personal Dev\\Laravel\\LearningManagementSystem\\app\\Jobs\\AnnouncementEmailJob.php(45): Illuminate\\Foundation\\Bootstrap\\HandleExceptions->handleError(8, \'Trying to get p...\', \'D:\\\\Personal Dev...\', 45, Array)\n#1 D:\\Personal Dev\\Laravel\\LearningManagementSystem\\vendor\\laravel\\framework\\src\\Illuminate\\Container\\BoundMethod.php(36): App\\Jobs\\AnnouncementEmailJob->handle()\n#2 D:\\Personal Dev\\Laravel\\LearningManagementSystem\\vendor\\laravel\\framework\\src\\Illuminate\\Container\\Util.php(40): Illuminate\\Container\\BoundMethod::Illuminate\\Container\\{closure}()\n#3 D:\\Personal Dev\\Laravel\\LearningManagementSystem\\vendor\\laravel\\framework\\src\\Illuminate\\Container\\BoundMethod.php(93): Illuminate\\Container\\Util::unwrapIfClosure(Object(Closure))\n#4 D:\\Personal Dev\\Laravel\\LearningManagementSystem\\vendor\\laravel\\framework\\src\\Illuminate\\Container\\BoundMethod.php(37): Illuminate\\Container\\BoundMethod::callBoundMethod(Object(Illuminate\\Foundation\\Application), Array, Object(Closure))\n#5 D:\\Personal Dev\\Laravel\\LearningManagementSystem\\vendor\\laravel\\framework\\src\\Illuminate\\Container\\Container.php(653): Illuminate\\Container\\BoundMethod::call(Object(Illuminate\\Foundation\\Application), Array, Array, NULL)\n#6 D:\\Personal Dev\\Laravel\\LearningManagementSystem\\vendor\\laravel\\framework\\src\\Illuminate\\Bus\\Dispatcher.php(128): Illuminate\\Container\\Container->call(Array)\n#7 D:\\Personal Dev\\Laravel\\LearningManagementSystem\\vendor\\laravel\\framework\\src\\Illuminate\\Pipeline\\Pipeline.php(128): Illuminate\\Bus\\Dispatcher->Illuminate\\Bus\\{closure}(Object(App\\Jobs\\AnnouncementEmailJob))\n#8 D:\\Personal Dev\\Laravel\\LearningManagementSystem\\vendor\\laravel\\framework\\src\\Illuminate\\Pipeline\\Pipeline.php(103): Illuminate\\Pipeline\\Pipeline->Illuminate\\Pipeline\\{closure}(Object(App\\Jobs\\AnnouncementEmailJob))\n#9 D:\\Personal Dev\\Laravel\\LearningManagementSystem\\vendor\\laravel\\framework\\src\\Illuminate\\Bus\\Dispatcher.php(132): Illuminate\\Pipeline\\Pipeline->then(Object(Closure))\n#10 D:\\Personal Dev\\Laravel\\LearningManagementSystem\\vendor\\laravel\\framework\\src\\Illuminate\\Queue\\CallQueuedHandler.php(120): Illuminate\\Bus\\Dispatcher->dispatchNow(Object(App\\Jobs\\AnnouncementEmailJob), false)\n#11 D:\\Personal Dev\\Laravel\\LearningManagementSystem\\vendor\\laravel\\framework\\src\\Illuminate\\Pipeline\\Pipeline.php(128): Illuminate\\Queue\\CallQueuedHandler->Illuminate\\Queue\\{closure}(Object(App\\Jobs\\AnnouncementEmailJob))\n#12 D:\\Personal Dev\\Laravel\\LearningManagementSystem\\vendor\\laravel\\framework\\src\\Illuminate\\Pipeline\\Pipeline.php(103): Illuminate\\Pipeline\\Pipeline->Illuminate\\Pipeline\\{closure}(Object(App\\Jobs\\AnnouncementEmailJob))\n#13 D:\\Personal Dev\\Laravel\\LearningManagementSystem\\vendor\\laravel\\framework\\src\\Illuminate\\Queue\\CallQueuedHandler.php(122): Illuminate\\Pipeline\\Pipeline->then(Object(Closure))\n#14 D:\\Personal Dev\\Laravel\\LearningManagementSystem\\vendor\\laravel\\framework\\src\\Illuminate\\Queue\\CallQueuedHandler.php(70): Illuminate\\Queue\\CallQueuedHandler->dispatchThroughMiddleware(Object(Illuminate\\Queue\\Jobs\\DatabaseJob), Object(App\\Jobs\\AnnouncementEmailJob))\n#15 D:\\Personal Dev\\Laravel\\LearningManagementSystem\\vendor\\laravel\\framework\\src\\Illuminate\\Queue\\Jobs\\Job.php(98): Illuminate\\Queue\\CallQueuedHandler->call(Object(Illuminate\\Queue\\Jobs\\DatabaseJob), Array)\n#16 D:\\Personal Dev\\Laravel\\LearningManagementSystem\\vendor\\laravel\\framework\\src\\Illuminate\\Queue\\Worker.php(428): Illuminate\\Queue\\Jobs\\Job->fire()\n#17 D:\\Personal Dev\\Laravel\\LearningManagementSystem\\vendor\\laravel\\framework\\src\\Illuminate\\Queue\\Worker.php(378): Illuminate\\Queue\\Worker->process(\'database\', Object(Illuminate\\Queue\\Jobs\\DatabaseJob), Object(Illuminate\\Queue\\WorkerOptions))\n#18 D:\\Personal Dev\\Laravel\\LearningManagementSystem\\vendor\\laravel\\framework\\src\\Illuminate\\Queue\\Worker.php(329): Illuminate\\Queue\\Worker->runJob(Object(Illuminate\\Queue\\Jobs\\DatabaseJob), \'database\', Object(Illuminate\\Queue\\WorkerOptions))\n#19 D:\\Personal Dev\\Laravel\\LearningManagementSystem\\vendor\\laravel\\framework\\src\\Illuminate\\Queue\\Console\\WorkCommand.php(117): Illuminate\\Queue\\Worker->runNextJob(\'database\', \'default\', Object(Illuminate\\Queue\\WorkerOptions))\n#20 D:\\Personal Dev\\Laravel\\LearningManagementSystem\\vendor\\laravel\\framework\\src\\Illuminate\\Queue\\Console\\WorkCommand.php(101): Illuminate\\Queue\\Console\\WorkCommand->runWorker(\'database\', \'default\')\n#21 D:\\Personal Dev\\Laravel\\LearningManagementSystem\\vendor\\laravel\\framework\\src\\Illuminate\\Container\\BoundMethod.php(36): Illuminate\\Queue\\Console\\WorkCommand->handle()\n#22 D:\\Personal Dev\\Laravel\\LearningManagementSystem\\vendor\\laravel\\framework\\src\\Illuminate\\Container\\Util.php(40): Illuminate\\Container\\BoundMethod::Illuminate\\Container\\{closure}()\n#23 D:\\Personal Dev\\Laravel\\LearningManagementSystem\\vendor\\laravel\\framework\\src\\Illuminate\\Container\\BoundMethod.php(93): Illuminate\\Container\\Util::unwrapIfClosure(Object(Closure))\n#24 D:\\Personal Dev\\Laravel\\LearningManagementSystem\\vendor\\laravel\\framework\\src\\Illuminate\\Container\\BoundMethod.php(37): Illuminate\\Container\\BoundMethod::callBoundMethod(Object(Illuminate\\Foundation\\Application), Array, Object(Closure))\n#25 D:\\Personal Dev\\Laravel\\LearningManagementSystem\\vendor\\laravel\\framework\\src\\Illuminate\\Container\\Container.php(653): Illuminate\\Container\\BoundMethod::call(Object(Illuminate\\Foundation\\Application), Array, Array, NULL)\n#26 D:\\Personal Dev\\Laravel\\LearningManagementSystem\\vendor\\laravel\\framework\\src\\Illuminate\\Console\\Command.php(136): Illuminate\\Container\\Container->call(Array)\n#27 D:\\Personal Dev\\Laravel\\LearningManagementSystem\\vendor\\symfony\\console\\Command\\Command.php(298): Illuminate\\Console\\Command->execute(Object(Symfony\\Component\\Console\\Input\\ArgvInput), Object(Illuminate\\Console\\OutputStyle))\n#28 D:\\Personal Dev\\Laravel\\LearningManagementSystem\\vendor\\laravel\\framework\\src\\Illuminate\\Console\\Command.php(121): Symfony\\Component\\Console\\Command\\Command->run(Object(Symfony\\Component\\Console\\Input\\ArgvInput), Object(Illuminate\\Console\\OutputStyle))\n#29 D:\\Personal Dev\\Laravel\\LearningManagementSystem\\vendor\\symfony\\console\\Application.php(1028): Illuminate\\Console\\Command->run(Object(Symfony\\Component\\Console\\Input\\ArgvInput), Object(Symfony\\Component\\Console\\Output\\ConsoleOutput))\n#30 D:\\Personal Dev\\Laravel\\LearningManagementSystem\\vendor\\symfony\\console\\Application.php(299): Symfony\\Component\\Console\\Application->doRunCommand(Object(Illuminate\\Queue\\Console\\WorkCommand), Object(Symfony\\Component\\Console\\Input\\ArgvInput), Object(Symfony\\Component\\Console\\Output\\ConsoleOutput))\n#31 D:\\Personal Dev\\Laravel\\LearningManagementSystem\\vendor\\symfony\\console\\Application.php(171): Symfony\\Component\\Console\\Application->doRun(Object(Symfony\\Component\\Console\\Input\\ArgvInput), Object(Symfony\\Component\\Console\\Output\\ConsoleOutput))\n#32 D:\\Personal Dev\\Laravel\\LearningManagementSystem\\vendor\\laravel\\framework\\src\\Illuminate\\Console\\Application.php(94): Symfony\\Component\\Console\\Application->run(Object(Symfony\\Component\\Console\\Input\\ArgvInput), Object(Symfony\\Component\\Console\\Output\\ConsoleOutput))\n#33 D:\\Personal Dev\\Laravel\\LearningManagementSystem\\vendor\\laravel\\framework\\src\\Illuminate\\Foundation\\Console\\Kernel.php(129): Illuminate\\Console\\Application->run(Object(Symfony\\Component\\Console\\Input\\ArgvInput), Object(Symfony\\Component\\Console\\Output\\ConsoleOutput))\n#34 D:\\Personal Dev\\Laravel\\LearningManagementSystem\\artisan(37): Illuminate\\Foundation\\Console\\Kernel->handle(Object(Symfony\\Component\\Console\\Input\\ArgvInput), Object(Symfony\\Component\\Console\\Output\\ConsoleOutput))\n#35 {main}', '2022-10-15 03:11:21'),
(9, 'de237f18-acb0-4d49-ad20-33fdb3ec5da9', 'database', 'default', '{\"uuid\":\"de237f18-acb0-4d49-ad20-33fdb3ec5da9\",\"displayName\":\"App\\\\Jobs\\\\AnnouncementEmailJob\",\"job\":\"Illuminate\\\\Queue\\\\CallQueuedHandler@call\",\"maxTries\":null,\"maxExceptions\":null,\"failOnTimeout\":false,\"backoff\":null,\"timeout\":null,\"retryUntil\":null,\"data\":{\"commandName\":\"App\\\\Jobs\\\\AnnouncementEmailJob\",\"command\":\"O:29:\\\"App\\\\Jobs\\\\AnnouncementEmailJob\\\":11:{s:43:\\\"\\u0000App\\\\Jobs\\\\AnnouncementEmailJob\\u0000announcement\\\";O:45:\\\"Illuminate\\\\Contracts\\\\Database\\\\ModelIdentifier\\\":4:{s:5:\\\"class\\\";s:23:\\\"App\\\\Models\\\\Announcement\\\";s:2:\\\"id\\\";i:43;s:9:\\\"relations\\\";a:11:{i:0;s:5:\\\"class\\\";i:1;s:13:\\\"class.section\\\";i:2;s:20:\\\"class.section.course\\\";i:3;s:21:\\\"class.section.teacher\\\";i:4;s:29:\\\"class.section.teacher.teacher\\\";i:5;s:39:\\\"class.section.teacher.teacher.courses_R\\\";i:6;s:42:\\\"class.section.teacher.teacher.department_R\\\";i:7;s:29:\\\"class.section.student_courses\\\";i:8;s:37:\\\"class.section.student_courses.student\\\";i:9;s:45:\\\"class.section.student_courses.student.student\\\";i:10;s:56:\\\"class.section.student_courses.student.student.department\\\";}s:10:\\\"connection\\\";s:5:\\\"mysql\\\";}s:3:\\\"job\\\";N;s:10:\\\"connection\\\";N;s:5:\\\"queue\\\";N;s:15:\\\"chainConnection\\\";N;s:10:\\\"chainQueue\\\";N;s:19:\\\"chainCatchCallbacks\\\";N;s:5:\\\"delay\\\";N;s:11:\\\"afterCommit\\\";N;s:10:\\\"middleware\\\";a:0:{}s:7:\\\"chained\\\";a:0:{}}\"}}', 'ErrorException: Trying to get property \'student_courses\' of non-object in D:\\Personal Dev\\Laravel\\LearningManagementSystem\\app\\Jobs\\AnnouncementEmailJob.php:45\nStack trace:\n#0 D:\\Personal Dev\\Laravel\\LearningManagementSystem\\app\\Jobs\\AnnouncementEmailJob.php(45): Illuminate\\Foundation\\Bootstrap\\HandleExceptions->handleError(8, \'Trying to get p...\', \'D:\\\\Personal Dev...\', 45, Array)\n#1 D:\\Personal Dev\\Laravel\\LearningManagementSystem\\vendor\\laravel\\framework\\src\\Illuminate\\Container\\BoundMethod.php(36): App\\Jobs\\AnnouncementEmailJob->handle()\n#2 D:\\Personal Dev\\Laravel\\LearningManagementSystem\\vendor\\laravel\\framework\\src\\Illuminate\\Container\\Util.php(40): Illuminate\\Container\\BoundMethod::Illuminate\\Container\\{closure}()\n#3 D:\\Personal Dev\\Laravel\\LearningManagementSystem\\vendor\\laravel\\framework\\src\\Illuminate\\Container\\BoundMethod.php(93): Illuminate\\Container\\Util::unwrapIfClosure(Object(Closure))\n#4 D:\\Personal Dev\\Laravel\\LearningManagementSystem\\vendor\\laravel\\framework\\src\\Illuminate\\Container\\BoundMethod.php(37): Illuminate\\Container\\BoundMethod::callBoundMethod(Object(Illuminate\\Foundation\\Application), Array, Object(Closure))\n#5 D:\\Personal Dev\\Laravel\\LearningManagementSystem\\vendor\\laravel\\framework\\src\\Illuminate\\Container\\Container.php(653): Illuminate\\Container\\BoundMethod::call(Object(Illuminate\\Foundation\\Application), Array, Array, NULL)\n#6 D:\\Personal Dev\\Laravel\\LearningManagementSystem\\vendor\\laravel\\framework\\src\\Illuminate\\Bus\\Dispatcher.php(128): Illuminate\\Container\\Container->call(Array)\n#7 D:\\Personal Dev\\Laravel\\LearningManagementSystem\\vendor\\laravel\\framework\\src\\Illuminate\\Pipeline\\Pipeline.php(128): Illuminate\\Bus\\Dispatcher->Illuminate\\Bus\\{closure}(Object(App\\Jobs\\AnnouncementEmailJob))\n#8 D:\\Personal Dev\\Laravel\\LearningManagementSystem\\vendor\\laravel\\framework\\src\\Illuminate\\Pipeline\\Pipeline.php(103): Illuminate\\Pipeline\\Pipeline->Illuminate\\Pipeline\\{closure}(Object(App\\Jobs\\AnnouncementEmailJob))\n#9 D:\\Personal Dev\\Laravel\\LearningManagementSystem\\vendor\\laravel\\framework\\src\\Illuminate\\Bus\\Dispatcher.php(132): Illuminate\\Pipeline\\Pipeline->then(Object(Closure))\n#10 D:\\Personal Dev\\Laravel\\LearningManagementSystem\\vendor\\laravel\\framework\\src\\Illuminate\\Queue\\CallQueuedHandler.php(120): Illuminate\\Bus\\Dispatcher->dispatchNow(Object(App\\Jobs\\AnnouncementEmailJob), false)\n#11 D:\\Personal Dev\\Laravel\\LearningManagementSystem\\vendor\\laravel\\framework\\src\\Illuminate\\Pipeline\\Pipeline.php(128): Illuminate\\Queue\\CallQueuedHandler->Illuminate\\Queue\\{closure}(Object(App\\Jobs\\AnnouncementEmailJob))\n#12 D:\\Personal Dev\\Laravel\\LearningManagementSystem\\vendor\\laravel\\framework\\src\\Illuminate\\Pipeline\\Pipeline.php(103): Illuminate\\Pipeline\\Pipeline->Illuminate\\Pipeline\\{closure}(Object(App\\Jobs\\AnnouncementEmailJob))\n#13 D:\\Personal Dev\\Laravel\\LearningManagementSystem\\vendor\\laravel\\framework\\src\\Illuminate\\Queue\\CallQueuedHandler.php(122): Illuminate\\Pipeline\\Pipeline->then(Object(Closure))\n#14 D:\\Personal Dev\\Laravel\\LearningManagementSystem\\vendor\\laravel\\framework\\src\\Illuminate\\Queue\\CallQueuedHandler.php(70): Illuminate\\Queue\\CallQueuedHandler->dispatchThroughMiddleware(Object(Illuminate\\Queue\\Jobs\\DatabaseJob), Object(App\\Jobs\\AnnouncementEmailJob))\n#15 D:\\Personal Dev\\Laravel\\LearningManagementSystem\\vendor\\laravel\\framework\\src\\Illuminate\\Queue\\Jobs\\Job.php(98): Illuminate\\Queue\\CallQueuedHandler->call(Object(Illuminate\\Queue\\Jobs\\DatabaseJob), Array)\n#16 D:\\Personal Dev\\Laravel\\LearningManagementSystem\\vendor\\laravel\\framework\\src\\Illuminate\\Queue\\Worker.php(428): Illuminate\\Queue\\Jobs\\Job->fire()\n#17 D:\\Personal Dev\\Laravel\\LearningManagementSystem\\vendor\\laravel\\framework\\src\\Illuminate\\Queue\\Worker.php(378): Illuminate\\Queue\\Worker->process(\'database\', Object(Illuminate\\Queue\\Jobs\\DatabaseJob), Object(Illuminate\\Queue\\WorkerOptions))\n#18 D:\\Personal Dev\\Laravel\\LearningManagementSystem\\vendor\\laravel\\framework\\src\\Illuminate\\Queue\\Worker.php(329): Illuminate\\Queue\\Worker->runJob(Object(Illuminate\\Queue\\Jobs\\DatabaseJob), \'database\', Object(Illuminate\\Queue\\WorkerOptions))\n#19 D:\\Personal Dev\\Laravel\\LearningManagementSystem\\vendor\\laravel\\framework\\src\\Illuminate\\Queue\\Console\\WorkCommand.php(117): Illuminate\\Queue\\Worker->runNextJob(\'database\', \'default\', Object(Illuminate\\Queue\\WorkerOptions))\n#20 D:\\Personal Dev\\Laravel\\LearningManagementSystem\\vendor\\laravel\\framework\\src\\Illuminate\\Queue\\Console\\WorkCommand.php(101): Illuminate\\Queue\\Console\\WorkCommand->runWorker(\'database\', \'default\')\n#21 D:\\Personal Dev\\Laravel\\LearningManagementSystem\\vendor\\laravel\\framework\\src\\Illuminate\\Container\\BoundMethod.php(36): Illuminate\\Queue\\Console\\WorkCommand->handle()\n#22 D:\\Personal Dev\\Laravel\\LearningManagementSystem\\vendor\\laravel\\framework\\src\\Illuminate\\Container\\Util.php(40): Illuminate\\Container\\BoundMethod::Illuminate\\Container\\{closure}()\n#23 D:\\Personal Dev\\Laravel\\LearningManagementSystem\\vendor\\laravel\\framework\\src\\Illuminate\\Container\\BoundMethod.php(93): Illuminate\\Container\\Util::unwrapIfClosure(Object(Closure))\n#24 D:\\Personal Dev\\Laravel\\LearningManagementSystem\\vendor\\laravel\\framework\\src\\Illuminate\\Container\\BoundMethod.php(37): Illuminate\\Container\\BoundMethod::callBoundMethod(Object(Illuminate\\Foundation\\Application), Array, Object(Closure))\n#25 D:\\Personal Dev\\Laravel\\LearningManagementSystem\\vendor\\laravel\\framework\\src\\Illuminate\\Container\\Container.php(653): Illuminate\\Container\\BoundMethod::call(Object(Illuminate\\Foundation\\Application), Array, Array, NULL)\n#26 D:\\Personal Dev\\Laravel\\LearningManagementSystem\\vendor\\laravel\\framework\\src\\Illuminate\\Console\\Command.php(136): Illuminate\\Container\\Container->call(Array)\n#27 D:\\Personal Dev\\Laravel\\LearningManagementSystem\\vendor\\symfony\\console\\Command\\Command.php(298): Illuminate\\Console\\Command->execute(Object(Symfony\\Component\\Console\\Input\\ArgvInput), Object(Illuminate\\Console\\OutputStyle))\n#28 D:\\Personal Dev\\Laravel\\LearningManagementSystem\\vendor\\laravel\\framework\\src\\Illuminate\\Console\\Command.php(121): Symfony\\Component\\Console\\Command\\Command->run(Object(Symfony\\Component\\Console\\Input\\ArgvInput), Object(Illuminate\\Console\\OutputStyle))\n#29 D:\\Personal Dev\\Laravel\\LearningManagementSystem\\vendor\\symfony\\console\\Application.php(1028): Illuminate\\Console\\Command->run(Object(Symfony\\Component\\Console\\Input\\ArgvInput), Object(Symfony\\Component\\Console\\Output\\ConsoleOutput))\n#30 D:\\Personal Dev\\Laravel\\LearningManagementSystem\\vendor\\symfony\\console\\Application.php(299): Symfony\\Component\\Console\\Application->doRunCommand(Object(Illuminate\\Queue\\Console\\WorkCommand), Object(Symfony\\Component\\Console\\Input\\ArgvInput), Object(Symfony\\Component\\Console\\Output\\ConsoleOutput))\n#31 D:\\Personal Dev\\Laravel\\LearningManagementSystem\\vendor\\symfony\\console\\Application.php(171): Symfony\\Component\\Console\\Application->doRun(Object(Symfony\\Component\\Console\\Input\\ArgvInput), Object(Symfony\\Component\\Console\\Output\\ConsoleOutput))\n#32 D:\\Personal Dev\\Laravel\\LearningManagementSystem\\vendor\\laravel\\framework\\src\\Illuminate\\Console\\Application.php(94): Symfony\\Component\\Console\\Application->run(Object(Symfony\\Component\\Console\\Input\\ArgvInput), Object(Symfony\\Component\\Console\\Output\\ConsoleOutput))\n#33 D:\\Personal Dev\\Laravel\\LearningManagementSystem\\vendor\\laravel\\framework\\src\\Illuminate\\Foundation\\Console\\Kernel.php(129): Illuminate\\Console\\Application->run(Object(Symfony\\Component\\Console\\Input\\ArgvInput), Object(Symfony\\Component\\Console\\Output\\ConsoleOutput))\n#34 D:\\Personal Dev\\Laravel\\LearningManagementSystem\\artisan(37): Illuminate\\Foundation\\Console\\Kernel->handle(Object(Symfony\\Component\\Console\\Input\\ArgvInput), Object(Symfony\\Component\\Console\\Output\\ConsoleOutput))\n#35 {main}', '2022-10-15 03:11:40'),
(10, '0a8facad-91f8-48b4-a7ec-5a80fde32d31', 'database', 'default', '{\"uuid\":\"0a8facad-91f8-48b4-a7ec-5a80fde32d31\",\"displayName\":\"App\\\\Jobs\\\\AnnouncementEmailJob\",\"job\":\"Illuminate\\\\Queue\\\\CallQueuedHandler@call\",\"maxTries\":null,\"maxExceptions\":null,\"failOnTimeout\":false,\"backoff\":null,\"timeout\":null,\"retryUntil\":null,\"data\":{\"commandName\":\"App\\\\Jobs\\\\AnnouncementEmailJob\",\"command\":\"O:29:\\\"App\\\\Jobs\\\\AnnouncementEmailJob\\\":11:{s:43:\\\"\\u0000App\\\\Jobs\\\\AnnouncementEmailJob\\u0000announcement\\\";O:45:\\\"Illuminate\\\\Contracts\\\\Database\\\\ModelIdentifier\\\":4:{s:5:\\\"class\\\";s:23:\\\"App\\\\Models\\\\Announcement\\\";s:2:\\\"id\\\";i:44;s:9:\\\"relations\\\";a:11:{i:0;s:5:\\\"class\\\";i:1;s:13:\\\"class.section\\\";i:2;s:20:\\\"class.section.course\\\";i:3;s:21:\\\"class.section.teacher\\\";i:4;s:29:\\\"class.section.teacher.teacher\\\";i:5;s:39:\\\"class.section.teacher.teacher.courses_R\\\";i:6;s:42:\\\"class.section.teacher.teacher.department_R\\\";i:7;s:29:\\\"class.section.student_courses\\\";i:8;s:37:\\\"class.section.student_courses.student\\\";i:9;s:45:\\\"class.section.student_courses.student.student\\\";i:10;s:56:\\\"class.section.student_courses.student.student.department\\\";}s:10:\\\"connection\\\";s:5:\\\"mysql\\\";}s:3:\\\"job\\\";N;s:10:\\\"connection\\\";N;s:5:\\\"queue\\\";N;s:15:\\\"chainConnection\\\";N;s:10:\\\"chainQueue\\\";N;s:19:\\\"chainCatchCallbacks\\\";N;s:5:\\\"delay\\\";N;s:11:\\\"afterCommit\\\";N;s:10:\\\"middleware\\\";a:0:{}s:7:\\\"chained\\\";a:0:{}}\"}}', 'ErrorException: Trying to get property \'student_courses\' of non-object in D:\\Personal Dev\\Laravel\\LearningManagementSystem\\app\\Jobs\\AnnouncementEmailJob.php:45\nStack trace:\n#0 D:\\Personal Dev\\Laravel\\LearningManagementSystem\\app\\Jobs\\AnnouncementEmailJob.php(45): Illuminate\\Foundation\\Bootstrap\\HandleExceptions->handleError(8, \'Trying to get p...\', \'D:\\\\Personal Dev...\', 45, Array)\n#1 D:\\Personal Dev\\Laravel\\LearningManagementSystem\\vendor\\laravel\\framework\\src\\Illuminate\\Container\\BoundMethod.php(36): App\\Jobs\\AnnouncementEmailJob->handle()\n#2 D:\\Personal Dev\\Laravel\\LearningManagementSystem\\vendor\\laravel\\framework\\src\\Illuminate\\Container\\Util.php(40): Illuminate\\Container\\BoundMethod::Illuminate\\Container\\{closure}()\n#3 D:\\Personal Dev\\Laravel\\LearningManagementSystem\\vendor\\laravel\\framework\\src\\Illuminate\\Container\\BoundMethod.php(93): Illuminate\\Container\\Util::unwrapIfClosure(Object(Closure))\n#4 D:\\Personal Dev\\Laravel\\LearningManagementSystem\\vendor\\laravel\\framework\\src\\Illuminate\\Container\\BoundMethod.php(37): Illuminate\\Container\\BoundMethod::callBoundMethod(Object(Illuminate\\Foundation\\Application), Array, Object(Closure))\n#5 D:\\Personal Dev\\Laravel\\LearningManagementSystem\\vendor\\laravel\\framework\\src\\Illuminate\\Container\\Container.php(653): Illuminate\\Container\\BoundMethod::call(Object(Illuminate\\Foundation\\Application), Array, Array, NULL)\n#6 D:\\Personal Dev\\Laravel\\LearningManagementSystem\\vendor\\laravel\\framework\\src\\Illuminate\\Bus\\Dispatcher.php(128): Illuminate\\Container\\Container->call(Array)\n#7 D:\\Personal Dev\\Laravel\\LearningManagementSystem\\vendor\\laravel\\framework\\src\\Illuminate\\Pipeline\\Pipeline.php(128): Illuminate\\Bus\\Dispatcher->Illuminate\\Bus\\{closure}(Object(App\\Jobs\\AnnouncementEmailJob))\n#8 D:\\Personal Dev\\Laravel\\LearningManagementSystem\\vendor\\laravel\\framework\\src\\Illuminate\\Pipeline\\Pipeline.php(103): Illuminate\\Pipeline\\Pipeline->Illuminate\\Pipeline\\{closure}(Object(App\\Jobs\\AnnouncementEmailJob))\n#9 D:\\Personal Dev\\Laravel\\LearningManagementSystem\\vendor\\laravel\\framework\\src\\Illuminate\\Bus\\Dispatcher.php(132): Illuminate\\Pipeline\\Pipeline->then(Object(Closure))\n#10 D:\\Personal Dev\\Laravel\\LearningManagementSystem\\vendor\\laravel\\framework\\src\\Illuminate\\Queue\\CallQueuedHandler.php(120): Illuminate\\Bus\\Dispatcher->dispatchNow(Object(App\\Jobs\\AnnouncementEmailJob), false)\n#11 D:\\Personal Dev\\Laravel\\LearningManagementSystem\\vendor\\laravel\\framework\\src\\Illuminate\\Pipeline\\Pipeline.php(128): Illuminate\\Queue\\CallQueuedHandler->Illuminate\\Queue\\{closure}(Object(App\\Jobs\\AnnouncementEmailJob))\n#12 D:\\Personal Dev\\Laravel\\LearningManagementSystem\\vendor\\laravel\\framework\\src\\Illuminate\\Pipeline\\Pipeline.php(103): Illuminate\\Pipeline\\Pipeline->Illuminate\\Pipeline\\{closure}(Object(App\\Jobs\\AnnouncementEmailJob))\n#13 D:\\Personal Dev\\Laravel\\LearningManagementSystem\\vendor\\laravel\\framework\\src\\Illuminate\\Queue\\CallQueuedHandler.php(122): Illuminate\\Pipeline\\Pipeline->then(Object(Closure))\n#14 D:\\Personal Dev\\Laravel\\LearningManagementSystem\\vendor\\laravel\\framework\\src\\Illuminate\\Queue\\CallQueuedHandler.php(70): Illuminate\\Queue\\CallQueuedHandler->dispatchThroughMiddleware(Object(Illuminate\\Queue\\Jobs\\DatabaseJob), Object(App\\Jobs\\AnnouncementEmailJob))\n#15 D:\\Personal Dev\\Laravel\\LearningManagementSystem\\vendor\\laravel\\framework\\src\\Illuminate\\Queue\\Jobs\\Job.php(98): Illuminate\\Queue\\CallQueuedHandler->call(Object(Illuminate\\Queue\\Jobs\\DatabaseJob), Array)\n#16 D:\\Personal Dev\\Laravel\\LearningManagementSystem\\vendor\\laravel\\framework\\src\\Illuminate\\Queue\\Worker.php(428): Illuminate\\Queue\\Jobs\\Job->fire()\n#17 D:\\Personal Dev\\Laravel\\LearningManagementSystem\\vendor\\laravel\\framework\\src\\Illuminate\\Queue\\Worker.php(378): Illuminate\\Queue\\Worker->process(\'database\', Object(Illuminate\\Queue\\Jobs\\DatabaseJob), Object(Illuminate\\Queue\\WorkerOptions))\n#18 D:\\Personal Dev\\Laravel\\LearningManagementSystem\\vendor\\laravel\\framework\\src\\Illuminate\\Queue\\Worker.php(329): Illuminate\\Queue\\Worker->runJob(Object(Illuminate\\Queue\\Jobs\\DatabaseJob), \'database\', Object(Illuminate\\Queue\\WorkerOptions))\n#19 D:\\Personal Dev\\Laravel\\LearningManagementSystem\\vendor\\laravel\\framework\\src\\Illuminate\\Queue\\Console\\WorkCommand.php(117): Illuminate\\Queue\\Worker->runNextJob(\'database\', \'default\', Object(Illuminate\\Queue\\WorkerOptions))\n#20 D:\\Personal Dev\\Laravel\\LearningManagementSystem\\vendor\\laravel\\framework\\src\\Illuminate\\Queue\\Console\\WorkCommand.php(101): Illuminate\\Queue\\Console\\WorkCommand->runWorker(\'database\', \'default\')\n#21 D:\\Personal Dev\\Laravel\\LearningManagementSystem\\vendor\\laravel\\framework\\src\\Illuminate\\Container\\BoundMethod.php(36): Illuminate\\Queue\\Console\\WorkCommand->handle()\n#22 D:\\Personal Dev\\Laravel\\LearningManagementSystem\\vendor\\laravel\\framework\\src\\Illuminate\\Container\\Util.php(40): Illuminate\\Container\\BoundMethod::Illuminate\\Container\\{closure}()\n#23 D:\\Personal Dev\\Laravel\\LearningManagementSystem\\vendor\\laravel\\framework\\src\\Illuminate\\Container\\BoundMethod.php(93): Illuminate\\Container\\Util::unwrapIfClosure(Object(Closure))\n#24 D:\\Personal Dev\\Laravel\\LearningManagementSystem\\vendor\\laravel\\framework\\src\\Illuminate\\Container\\BoundMethod.php(37): Illuminate\\Container\\BoundMethod::callBoundMethod(Object(Illuminate\\Foundation\\Application), Array, Object(Closure))\n#25 D:\\Personal Dev\\Laravel\\LearningManagementSystem\\vendor\\laravel\\framework\\src\\Illuminate\\Container\\Container.php(653): Illuminate\\Container\\BoundMethod::call(Object(Illuminate\\Foundation\\Application), Array, Array, NULL)\n#26 D:\\Personal Dev\\Laravel\\LearningManagementSystem\\vendor\\laravel\\framework\\src\\Illuminate\\Console\\Command.php(136): Illuminate\\Container\\Container->call(Array)\n#27 D:\\Personal Dev\\Laravel\\LearningManagementSystem\\vendor\\symfony\\console\\Command\\Command.php(298): Illuminate\\Console\\Command->execute(Object(Symfony\\Component\\Console\\Input\\ArgvInput), Object(Illuminate\\Console\\OutputStyle))\n#28 D:\\Personal Dev\\Laravel\\LearningManagementSystem\\vendor\\laravel\\framework\\src\\Illuminate\\Console\\Command.php(121): Symfony\\Component\\Console\\Command\\Command->run(Object(Symfony\\Component\\Console\\Input\\ArgvInput), Object(Illuminate\\Console\\OutputStyle))\n#29 D:\\Personal Dev\\Laravel\\LearningManagementSystem\\vendor\\symfony\\console\\Application.php(1028): Illuminate\\Console\\Command->run(Object(Symfony\\Component\\Console\\Input\\ArgvInput), Object(Symfony\\Component\\Console\\Output\\ConsoleOutput))\n#30 D:\\Personal Dev\\Laravel\\LearningManagementSystem\\vendor\\symfony\\console\\Application.php(299): Symfony\\Component\\Console\\Application->doRunCommand(Object(Illuminate\\Queue\\Console\\WorkCommand), Object(Symfony\\Component\\Console\\Input\\ArgvInput), Object(Symfony\\Component\\Console\\Output\\ConsoleOutput))\n#31 D:\\Personal Dev\\Laravel\\LearningManagementSystem\\vendor\\symfony\\console\\Application.php(171): Symfony\\Component\\Console\\Application->doRun(Object(Symfony\\Component\\Console\\Input\\ArgvInput), Object(Symfony\\Component\\Console\\Output\\ConsoleOutput))\n#32 D:\\Personal Dev\\Laravel\\LearningManagementSystem\\vendor\\laravel\\framework\\src\\Illuminate\\Console\\Application.php(94): Symfony\\Component\\Console\\Application->run(Object(Symfony\\Component\\Console\\Input\\ArgvInput), Object(Symfony\\Component\\Console\\Output\\ConsoleOutput))\n#33 D:\\Personal Dev\\Laravel\\LearningManagementSystem\\vendor\\laravel\\framework\\src\\Illuminate\\Foundation\\Console\\Kernel.php(129): Illuminate\\Console\\Application->run(Object(Symfony\\Component\\Console\\Input\\ArgvInput), Object(Symfony\\Component\\Console\\Output\\ConsoleOutput))\n#34 D:\\Personal Dev\\Laravel\\LearningManagementSystem\\artisan(37): Illuminate\\Foundation\\Console\\Kernel->handle(Object(Symfony\\Component\\Console\\Input\\ArgvInput), Object(Symfony\\Component\\Console\\Output\\ConsoleOutput))\n#35 {main}', '2022-10-15 03:12:13');
INSERT INTO `failed_jobs` (`id`, `uuid`, `connection`, `queue`, `payload`, `exception`, `failed_at`) VALUES
(11, '2b722205-6f98-4b30-92ac-e68720c16f44', 'database', 'default', '{\"uuid\":\"2b722205-6f98-4b30-92ac-e68720c16f44\",\"displayName\":\"App\\\\Jobs\\\\AnnouncementEmailJob\",\"job\":\"Illuminate\\\\Queue\\\\CallQueuedHandler@call\",\"maxTries\":null,\"maxExceptions\":null,\"failOnTimeout\":false,\"backoff\":null,\"timeout\":null,\"retryUntil\":null,\"data\":{\"commandName\":\"App\\\\Jobs\\\\AnnouncementEmailJob\",\"command\":\"O:29:\\\"App\\\\Jobs\\\\AnnouncementEmailJob\\\":11:{s:43:\\\"\\u0000App\\\\Jobs\\\\AnnouncementEmailJob\\u0000announcement\\\";O:45:\\\"Illuminate\\\\Contracts\\\\Database\\\\ModelIdentifier\\\":4:{s:5:\\\"class\\\";s:23:\\\"App\\\\Models\\\\Announcement\\\";s:2:\\\"id\\\";i:45;s:9:\\\"relations\\\";a:11:{i:0;s:5:\\\"class\\\";i:1;s:13:\\\"class.section\\\";i:2;s:20:\\\"class.section.course\\\";i:3;s:21:\\\"class.section.teacher\\\";i:4;s:29:\\\"class.section.teacher.teacher\\\";i:5;s:39:\\\"class.section.teacher.teacher.courses_R\\\";i:6;s:42:\\\"class.section.teacher.teacher.department_R\\\";i:7;s:29:\\\"class.section.student_courses\\\";i:8;s:37:\\\"class.section.student_courses.student\\\";i:9;s:45:\\\"class.section.student_courses.student.student\\\";i:10;s:56:\\\"class.section.student_courses.student.student.department\\\";}s:10:\\\"connection\\\";s:5:\\\"mysql\\\";}s:3:\\\"job\\\";N;s:10:\\\"connection\\\";N;s:5:\\\"queue\\\";N;s:15:\\\"chainConnection\\\";N;s:10:\\\"chainQueue\\\";N;s:19:\\\"chainCatchCallbacks\\\";N;s:5:\\\"delay\\\";N;s:11:\\\"afterCommit\\\";N;s:10:\\\"middleware\\\";a:0:{}s:7:\\\"chained\\\";a:0:{}}\"}}', 'ErrorException: Trying to get property \'student_courses\' of non-object in D:\\Personal Dev\\Laravel\\LearningManagementSystem\\app\\Jobs\\AnnouncementEmailJob.php:45\nStack trace:\n#0 D:\\Personal Dev\\Laravel\\LearningManagementSystem\\app\\Jobs\\AnnouncementEmailJob.php(45): Illuminate\\Foundation\\Bootstrap\\HandleExceptions->handleError(8, \'Trying to get p...\', \'D:\\\\Personal Dev...\', 45, Array)\n#1 D:\\Personal Dev\\Laravel\\LearningManagementSystem\\vendor\\laravel\\framework\\src\\Illuminate\\Container\\BoundMethod.php(36): App\\Jobs\\AnnouncementEmailJob->handle()\n#2 D:\\Personal Dev\\Laravel\\LearningManagementSystem\\vendor\\laravel\\framework\\src\\Illuminate\\Container\\Util.php(40): Illuminate\\Container\\BoundMethod::Illuminate\\Container\\{closure}()\n#3 D:\\Personal Dev\\Laravel\\LearningManagementSystem\\vendor\\laravel\\framework\\src\\Illuminate\\Container\\BoundMethod.php(93): Illuminate\\Container\\Util::unwrapIfClosure(Object(Closure))\n#4 D:\\Personal Dev\\Laravel\\LearningManagementSystem\\vendor\\laravel\\framework\\src\\Illuminate\\Container\\BoundMethod.php(37): Illuminate\\Container\\BoundMethod::callBoundMethod(Object(Illuminate\\Foundation\\Application), Array, Object(Closure))\n#5 D:\\Personal Dev\\Laravel\\LearningManagementSystem\\vendor\\laravel\\framework\\src\\Illuminate\\Container\\Container.php(653): Illuminate\\Container\\BoundMethod::call(Object(Illuminate\\Foundation\\Application), Array, Array, NULL)\n#6 D:\\Personal Dev\\Laravel\\LearningManagementSystem\\vendor\\laravel\\framework\\src\\Illuminate\\Bus\\Dispatcher.php(128): Illuminate\\Container\\Container->call(Array)\n#7 D:\\Personal Dev\\Laravel\\LearningManagementSystem\\vendor\\laravel\\framework\\src\\Illuminate\\Pipeline\\Pipeline.php(128): Illuminate\\Bus\\Dispatcher->Illuminate\\Bus\\{closure}(Object(App\\Jobs\\AnnouncementEmailJob))\n#8 D:\\Personal Dev\\Laravel\\LearningManagementSystem\\vendor\\laravel\\framework\\src\\Illuminate\\Pipeline\\Pipeline.php(103): Illuminate\\Pipeline\\Pipeline->Illuminate\\Pipeline\\{closure}(Object(App\\Jobs\\AnnouncementEmailJob))\n#9 D:\\Personal Dev\\Laravel\\LearningManagementSystem\\vendor\\laravel\\framework\\src\\Illuminate\\Bus\\Dispatcher.php(132): Illuminate\\Pipeline\\Pipeline->then(Object(Closure))\n#10 D:\\Personal Dev\\Laravel\\LearningManagementSystem\\vendor\\laravel\\framework\\src\\Illuminate\\Queue\\CallQueuedHandler.php(120): Illuminate\\Bus\\Dispatcher->dispatchNow(Object(App\\Jobs\\AnnouncementEmailJob), false)\n#11 D:\\Personal Dev\\Laravel\\LearningManagementSystem\\vendor\\laravel\\framework\\src\\Illuminate\\Pipeline\\Pipeline.php(128): Illuminate\\Queue\\CallQueuedHandler->Illuminate\\Queue\\{closure}(Object(App\\Jobs\\AnnouncementEmailJob))\n#12 D:\\Personal Dev\\Laravel\\LearningManagementSystem\\vendor\\laravel\\framework\\src\\Illuminate\\Pipeline\\Pipeline.php(103): Illuminate\\Pipeline\\Pipeline->Illuminate\\Pipeline\\{closure}(Object(App\\Jobs\\AnnouncementEmailJob))\n#13 D:\\Personal Dev\\Laravel\\LearningManagementSystem\\vendor\\laravel\\framework\\src\\Illuminate\\Queue\\CallQueuedHandler.php(122): Illuminate\\Pipeline\\Pipeline->then(Object(Closure))\n#14 D:\\Personal Dev\\Laravel\\LearningManagementSystem\\vendor\\laravel\\framework\\src\\Illuminate\\Queue\\CallQueuedHandler.php(70): Illuminate\\Queue\\CallQueuedHandler->dispatchThroughMiddleware(Object(Illuminate\\Queue\\Jobs\\DatabaseJob), Object(App\\Jobs\\AnnouncementEmailJob))\n#15 D:\\Personal Dev\\Laravel\\LearningManagementSystem\\vendor\\laravel\\framework\\src\\Illuminate\\Queue\\Jobs\\Job.php(98): Illuminate\\Queue\\CallQueuedHandler->call(Object(Illuminate\\Queue\\Jobs\\DatabaseJob), Array)\n#16 D:\\Personal Dev\\Laravel\\LearningManagementSystem\\vendor\\laravel\\framework\\src\\Illuminate\\Queue\\Worker.php(428): Illuminate\\Queue\\Jobs\\Job->fire()\n#17 D:\\Personal Dev\\Laravel\\LearningManagementSystem\\vendor\\laravel\\framework\\src\\Illuminate\\Queue\\Worker.php(378): Illuminate\\Queue\\Worker->process(\'database\', Object(Illuminate\\Queue\\Jobs\\DatabaseJob), Object(Illuminate\\Queue\\WorkerOptions))\n#18 D:\\Personal Dev\\Laravel\\LearningManagementSystem\\vendor\\laravel\\framework\\src\\Illuminate\\Queue\\Worker.php(329): Illuminate\\Queue\\Worker->runJob(Object(Illuminate\\Queue\\Jobs\\DatabaseJob), \'database\', Object(Illuminate\\Queue\\WorkerOptions))\n#19 D:\\Personal Dev\\Laravel\\LearningManagementSystem\\vendor\\laravel\\framework\\src\\Illuminate\\Queue\\Console\\WorkCommand.php(117): Illuminate\\Queue\\Worker->runNextJob(\'database\', \'default\', Object(Illuminate\\Queue\\WorkerOptions))\n#20 D:\\Personal Dev\\Laravel\\LearningManagementSystem\\vendor\\laravel\\framework\\src\\Illuminate\\Queue\\Console\\WorkCommand.php(101): Illuminate\\Queue\\Console\\WorkCommand->runWorker(\'database\', \'default\')\n#21 D:\\Personal Dev\\Laravel\\LearningManagementSystem\\vendor\\laravel\\framework\\src\\Illuminate\\Container\\BoundMethod.php(36): Illuminate\\Queue\\Console\\WorkCommand->handle()\n#22 D:\\Personal Dev\\Laravel\\LearningManagementSystem\\vendor\\laravel\\framework\\src\\Illuminate\\Container\\Util.php(40): Illuminate\\Container\\BoundMethod::Illuminate\\Container\\{closure}()\n#23 D:\\Personal Dev\\Laravel\\LearningManagementSystem\\vendor\\laravel\\framework\\src\\Illuminate\\Container\\BoundMethod.php(93): Illuminate\\Container\\Util::unwrapIfClosure(Object(Closure))\n#24 D:\\Personal Dev\\Laravel\\LearningManagementSystem\\vendor\\laravel\\framework\\src\\Illuminate\\Container\\BoundMethod.php(37): Illuminate\\Container\\BoundMethod::callBoundMethod(Object(Illuminate\\Foundation\\Application), Array, Object(Closure))\n#25 D:\\Personal Dev\\Laravel\\LearningManagementSystem\\vendor\\laravel\\framework\\src\\Illuminate\\Container\\Container.php(653): Illuminate\\Container\\BoundMethod::call(Object(Illuminate\\Foundation\\Application), Array, Array, NULL)\n#26 D:\\Personal Dev\\Laravel\\LearningManagementSystem\\vendor\\laravel\\framework\\src\\Illuminate\\Console\\Command.php(136): Illuminate\\Container\\Container->call(Array)\n#27 D:\\Personal Dev\\Laravel\\LearningManagementSystem\\vendor\\symfony\\console\\Command\\Command.php(298): Illuminate\\Console\\Command->execute(Object(Symfony\\Component\\Console\\Input\\ArgvInput), Object(Illuminate\\Console\\OutputStyle))\n#28 D:\\Personal Dev\\Laravel\\LearningManagementSystem\\vendor\\laravel\\framework\\src\\Illuminate\\Console\\Command.php(121): Symfony\\Component\\Console\\Command\\Command->run(Object(Symfony\\Component\\Console\\Input\\ArgvInput), Object(Illuminate\\Console\\OutputStyle))\n#29 D:\\Personal Dev\\Laravel\\LearningManagementSystem\\vendor\\symfony\\console\\Application.php(1028): Illuminate\\Console\\Command->run(Object(Symfony\\Component\\Console\\Input\\ArgvInput), Object(Symfony\\Component\\Console\\Output\\ConsoleOutput))\n#30 D:\\Personal Dev\\Laravel\\LearningManagementSystem\\vendor\\symfony\\console\\Application.php(299): Symfony\\Component\\Console\\Application->doRunCommand(Object(Illuminate\\Queue\\Console\\WorkCommand), Object(Symfony\\Component\\Console\\Input\\ArgvInput), Object(Symfony\\Component\\Console\\Output\\ConsoleOutput))\n#31 D:\\Personal Dev\\Laravel\\LearningManagementSystem\\vendor\\symfony\\console\\Application.php(171): Symfony\\Component\\Console\\Application->doRun(Object(Symfony\\Component\\Console\\Input\\ArgvInput), Object(Symfony\\Component\\Console\\Output\\ConsoleOutput))\n#32 D:\\Personal Dev\\Laravel\\LearningManagementSystem\\vendor\\laravel\\framework\\src\\Illuminate\\Console\\Application.php(94): Symfony\\Component\\Console\\Application->run(Object(Symfony\\Component\\Console\\Input\\ArgvInput), Object(Symfony\\Component\\Console\\Output\\ConsoleOutput))\n#33 D:\\Personal Dev\\Laravel\\LearningManagementSystem\\vendor\\laravel\\framework\\src\\Illuminate\\Foundation\\Console\\Kernel.php(129): Illuminate\\Console\\Application->run(Object(Symfony\\Component\\Console\\Input\\ArgvInput), Object(Symfony\\Component\\Console\\Output\\ConsoleOutput))\n#34 D:\\Personal Dev\\Laravel\\LearningManagementSystem\\artisan(37): Illuminate\\Foundation\\Console\\Kernel->handle(Object(Symfony\\Component\\Console\\Input\\ArgvInput), Object(Symfony\\Component\\Console\\Output\\ConsoleOutput))\n#35 {main}', '2022-10-15 03:12:26'),
(12, '6bbee3d5-1d35-469d-99f0-08fb40d645ed', 'database', 'default', '{\"uuid\":\"6bbee3d5-1d35-469d-99f0-08fb40d645ed\",\"displayName\":\"App\\\\Jobs\\\\AnnouncementEmailJob\",\"job\":\"Illuminate\\\\Queue\\\\CallQueuedHandler@call\",\"maxTries\":null,\"maxExceptions\":null,\"failOnTimeout\":false,\"backoff\":null,\"timeout\":null,\"retryUntil\":null,\"data\":{\"commandName\":\"App\\\\Jobs\\\\AnnouncementEmailJob\",\"command\":\"O:29:\\\"App\\\\Jobs\\\\AnnouncementEmailJob\\\":11:{s:43:\\\"\\u0000App\\\\Jobs\\\\AnnouncementEmailJob\\u0000announcement\\\";O:45:\\\"Illuminate\\\\Contracts\\\\Database\\\\ModelIdentifier\\\":4:{s:5:\\\"class\\\";s:23:\\\"App\\\\Models\\\\Announcement\\\";s:2:\\\"id\\\";i:46;s:9:\\\"relations\\\";a:11:{i:0;s:5:\\\"class\\\";i:1;s:13:\\\"class.section\\\";i:2;s:20:\\\"class.section.course\\\";i:3;s:21:\\\"class.section.teacher\\\";i:4;s:29:\\\"class.section.teacher.teacher\\\";i:5;s:39:\\\"class.section.teacher.teacher.courses_R\\\";i:6;s:42:\\\"class.section.teacher.teacher.department_R\\\";i:7;s:29:\\\"class.section.student_courses\\\";i:8;s:37:\\\"class.section.student_courses.student\\\";i:9;s:45:\\\"class.section.student_courses.student.student\\\";i:10;s:56:\\\"class.section.student_courses.student.student.department\\\";}s:10:\\\"connection\\\";s:5:\\\"mysql\\\";}s:3:\\\"job\\\";N;s:10:\\\"connection\\\";N;s:5:\\\"queue\\\";N;s:15:\\\"chainConnection\\\";N;s:10:\\\"chainQueue\\\";N;s:19:\\\"chainCatchCallbacks\\\";N;s:5:\\\"delay\\\";N;s:11:\\\"afterCommit\\\";N;s:10:\\\"middleware\\\";a:0:{}s:7:\\\"chained\\\";a:0:{}}\"}}', 'ErrorException: Trying to get property \'student_courses\' of non-object in D:\\Personal Dev\\Laravel\\LearningManagementSystem\\app\\Jobs\\AnnouncementEmailJob.php:45\nStack trace:\n#0 D:\\Personal Dev\\Laravel\\LearningManagementSystem\\app\\Jobs\\AnnouncementEmailJob.php(45): Illuminate\\Foundation\\Bootstrap\\HandleExceptions->handleError(8, \'Trying to get p...\', \'D:\\\\Personal Dev...\', 45, Array)\n#1 D:\\Personal Dev\\Laravel\\LearningManagementSystem\\vendor\\laravel\\framework\\src\\Illuminate\\Container\\BoundMethod.php(36): App\\Jobs\\AnnouncementEmailJob->handle()\n#2 D:\\Personal Dev\\Laravel\\LearningManagementSystem\\vendor\\laravel\\framework\\src\\Illuminate\\Container\\Util.php(40): Illuminate\\Container\\BoundMethod::Illuminate\\Container\\{closure}()\n#3 D:\\Personal Dev\\Laravel\\LearningManagementSystem\\vendor\\laravel\\framework\\src\\Illuminate\\Container\\BoundMethod.php(93): Illuminate\\Container\\Util::unwrapIfClosure(Object(Closure))\n#4 D:\\Personal Dev\\Laravel\\LearningManagementSystem\\vendor\\laravel\\framework\\src\\Illuminate\\Container\\BoundMethod.php(37): Illuminate\\Container\\BoundMethod::callBoundMethod(Object(Illuminate\\Foundation\\Application), Array, Object(Closure))\n#5 D:\\Personal Dev\\Laravel\\LearningManagementSystem\\vendor\\laravel\\framework\\src\\Illuminate\\Container\\Container.php(653): Illuminate\\Container\\BoundMethod::call(Object(Illuminate\\Foundation\\Application), Array, Array, NULL)\n#6 D:\\Personal Dev\\Laravel\\LearningManagementSystem\\vendor\\laravel\\framework\\src\\Illuminate\\Bus\\Dispatcher.php(128): Illuminate\\Container\\Container->call(Array)\n#7 D:\\Personal Dev\\Laravel\\LearningManagementSystem\\vendor\\laravel\\framework\\src\\Illuminate\\Pipeline\\Pipeline.php(128): Illuminate\\Bus\\Dispatcher->Illuminate\\Bus\\{closure}(Object(App\\Jobs\\AnnouncementEmailJob))\n#8 D:\\Personal Dev\\Laravel\\LearningManagementSystem\\vendor\\laravel\\framework\\src\\Illuminate\\Pipeline\\Pipeline.php(103): Illuminate\\Pipeline\\Pipeline->Illuminate\\Pipeline\\{closure}(Object(App\\Jobs\\AnnouncementEmailJob))\n#9 D:\\Personal Dev\\Laravel\\LearningManagementSystem\\vendor\\laravel\\framework\\src\\Illuminate\\Bus\\Dispatcher.php(132): Illuminate\\Pipeline\\Pipeline->then(Object(Closure))\n#10 D:\\Personal Dev\\Laravel\\LearningManagementSystem\\vendor\\laravel\\framework\\src\\Illuminate\\Queue\\CallQueuedHandler.php(120): Illuminate\\Bus\\Dispatcher->dispatchNow(Object(App\\Jobs\\AnnouncementEmailJob), false)\n#11 D:\\Personal Dev\\Laravel\\LearningManagementSystem\\vendor\\laravel\\framework\\src\\Illuminate\\Pipeline\\Pipeline.php(128): Illuminate\\Queue\\CallQueuedHandler->Illuminate\\Queue\\{closure}(Object(App\\Jobs\\AnnouncementEmailJob))\n#12 D:\\Personal Dev\\Laravel\\LearningManagementSystem\\vendor\\laravel\\framework\\src\\Illuminate\\Pipeline\\Pipeline.php(103): Illuminate\\Pipeline\\Pipeline->Illuminate\\Pipeline\\{closure}(Object(App\\Jobs\\AnnouncementEmailJob))\n#13 D:\\Personal Dev\\Laravel\\LearningManagementSystem\\vendor\\laravel\\framework\\src\\Illuminate\\Queue\\CallQueuedHandler.php(122): Illuminate\\Pipeline\\Pipeline->then(Object(Closure))\n#14 D:\\Personal Dev\\Laravel\\LearningManagementSystem\\vendor\\laravel\\framework\\src\\Illuminate\\Queue\\CallQueuedHandler.php(70): Illuminate\\Queue\\CallQueuedHandler->dispatchThroughMiddleware(Object(Illuminate\\Queue\\Jobs\\DatabaseJob), Object(App\\Jobs\\AnnouncementEmailJob))\n#15 D:\\Personal Dev\\Laravel\\LearningManagementSystem\\vendor\\laravel\\framework\\src\\Illuminate\\Queue\\Jobs\\Job.php(98): Illuminate\\Queue\\CallQueuedHandler->call(Object(Illuminate\\Queue\\Jobs\\DatabaseJob), Array)\n#16 D:\\Personal Dev\\Laravel\\LearningManagementSystem\\vendor\\laravel\\framework\\src\\Illuminate\\Queue\\Worker.php(428): Illuminate\\Queue\\Jobs\\Job->fire()\n#17 D:\\Personal Dev\\Laravel\\LearningManagementSystem\\vendor\\laravel\\framework\\src\\Illuminate\\Queue\\Worker.php(378): Illuminate\\Queue\\Worker->process(\'database\', Object(Illuminate\\Queue\\Jobs\\DatabaseJob), Object(Illuminate\\Queue\\WorkerOptions))\n#18 D:\\Personal Dev\\Laravel\\LearningManagementSystem\\vendor\\laravel\\framework\\src\\Illuminate\\Queue\\Worker.php(329): Illuminate\\Queue\\Worker->runJob(Object(Illuminate\\Queue\\Jobs\\DatabaseJob), \'database\', Object(Illuminate\\Queue\\WorkerOptions))\n#19 D:\\Personal Dev\\Laravel\\LearningManagementSystem\\vendor\\laravel\\framework\\src\\Illuminate\\Queue\\Console\\WorkCommand.php(117): Illuminate\\Queue\\Worker->runNextJob(\'database\', \'default\', Object(Illuminate\\Queue\\WorkerOptions))\n#20 D:\\Personal Dev\\Laravel\\LearningManagementSystem\\vendor\\laravel\\framework\\src\\Illuminate\\Queue\\Console\\WorkCommand.php(101): Illuminate\\Queue\\Console\\WorkCommand->runWorker(\'database\', \'default\')\n#21 D:\\Personal Dev\\Laravel\\LearningManagementSystem\\vendor\\laravel\\framework\\src\\Illuminate\\Container\\BoundMethod.php(36): Illuminate\\Queue\\Console\\WorkCommand->handle()\n#22 D:\\Personal Dev\\Laravel\\LearningManagementSystem\\vendor\\laravel\\framework\\src\\Illuminate\\Container\\Util.php(40): Illuminate\\Container\\BoundMethod::Illuminate\\Container\\{closure}()\n#23 D:\\Personal Dev\\Laravel\\LearningManagementSystem\\vendor\\laravel\\framework\\src\\Illuminate\\Container\\BoundMethod.php(93): Illuminate\\Container\\Util::unwrapIfClosure(Object(Closure))\n#24 D:\\Personal Dev\\Laravel\\LearningManagementSystem\\vendor\\laravel\\framework\\src\\Illuminate\\Container\\BoundMethod.php(37): Illuminate\\Container\\BoundMethod::callBoundMethod(Object(Illuminate\\Foundation\\Application), Array, Object(Closure))\n#25 D:\\Personal Dev\\Laravel\\LearningManagementSystem\\vendor\\laravel\\framework\\src\\Illuminate\\Container\\Container.php(653): Illuminate\\Container\\BoundMethod::call(Object(Illuminate\\Foundation\\Application), Array, Array, NULL)\n#26 D:\\Personal Dev\\Laravel\\LearningManagementSystem\\vendor\\laravel\\framework\\src\\Illuminate\\Console\\Command.php(136): Illuminate\\Container\\Container->call(Array)\n#27 D:\\Personal Dev\\Laravel\\LearningManagementSystem\\vendor\\symfony\\console\\Command\\Command.php(298): Illuminate\\Console\\Command->execute(Object(Symfony\\Component\\Console\\Input\\ArgvInput), Object(Illuminate\\Console\\OutputStyle))\n#28 D:\\Personal Dev\\Laravel\\LearningManagementSystem\\vendor\\laravel\\framework\\src\\Illuminate\\Console\\Command.php(121): Symfony\\Component\\Console\\Command\\Command->run(Object(Symfony\\Component\\Console\\Input\\ArgvInput), Object(Illuminate\\Console\\OutputStyle))\n#29 D:\\Personal Dev\\Laravel\\LearningManagementSystem\\vendor\\symfony\\console\\Application.php(1028): Illuminate\\Console\\Command->run(Object(Symfony\\Component\\Console\\Input\\ArgvInput), Object(Symfony\\Component\\Console\\Output\\ConsoleOutput))\n#30 D:\\Personal Dev\\Laravel\\LearningManagementSystem\\vendor\\symfony\\console\\Application.php(299): Symfony\\Component\\Console\\Application->doRunCommand(Object(Illuminate\\Queue\\Console\\WorkCommand), Object(Symfony\\Component\\Console\\Input\\ArgvInput), Object(Symfony\\Component\\Console\\Output\\ConsoleOutput))\n#31 D:\\Personal Dev\\Laravel\\LearningManagementSystem\\vendor\\symfony\\console\\Application.php(171): Symfony\\Component\\Console\\Application->doRun(Object(Symfony\\Component\\Console\\Input\\ArgvInput), Object(Symfony\\Component\\Console\\Output\\ConsoleOutput))\n#32 D:\\Personal Dev\\Laravel\\LearningManagementSystem\\vendor\\laravel\\framework\\src\\Illuminate\\Console\\Application.php(94): Symfony\\Component\\Console\\Application->run(Object(Symfony\\Component\\Console\\Input\\ArgvInput), Object(Symfony\\Component\\Console\\Output\\ConsoleOutput))\n#33 D:\\Personal Dev\\Laravel\\LearningManagementSystem\\vendor\\laravel\\framework\\src\\Illuminate\\Foundation\\Console\\Kernel.php(129): Illuminate\\Console\\Application->run(Object(Symfony\\Component\\Console\\Input\\ArgvInput), Object(Symfony\\Component\\Console\\Output\\ConsoleOutput))\n#34 D:\\Personal Dev\\Laravel\\LearningManagementSystem\\artisan(37): Illuminate\\Foundation\\Console\\Kernel->handle(Object(Symfony\\Component\\Console\\Input\\ArgvInput), Object(Symfony\\Component\\Console\\Output\\ConsoleOutput))\n#35 {main}', '2022-10-15 03:12:31'),
(13, '76e47fcc-dede-4c45-b34a-d4340b40c8ba', 'database', 'default', '{\"uuid\":\"76e47fcc-dede-4c45-b34a-d4340b40c8ba\",\"displayName\":\"App\\\\Jobs\\\\AnnouncementEmailJob\",\"job\":\"Illuminate\\\\Queue\\\\CallQueuedHandler@call\",\"maxTries\":null,\"maxExceptions\":null,\"failOnTimeout\":false,\"backoff\":null,\"timeout\":null,\"retryUntil\":null,\"data\":{\"commandName\":\"App\\\\Jobs\\\\AnnouncementEmailJob\",\"command\":\"O:29:\\\"App\\\\Jobs\\\\AnnouncementEmailJob\\\":11:{s:43:\\\"\\u0000App\\\\Jobs\\\\AnnouncementEmailJob\\u0000announcement\\\";O:45:\\\"Illuminate\\\\Contracts\\\\Database\\\\ModelIdentifier\\\":4:{s:5:\\\"class\\\";s:23:\\\"App\\\\Models\\\\Announcement\\\";s:2:\\\"id\\\";i:47;s:9:\\\"relations\\\";a:11:{i:0;s:5:\\\"class\\\";i:1;s:13:\\\"class.section\\\";i:2;s:20:\\\"class.section.course\\\";i:3;s:21:\\\"class.section.teacher\\\";i:4;s:29:\\\"class.section.teacher.teacher\\\";i:5;s:39:\\\"class.section.teacher.teacher.courses_R\\\";i:6;s:42:\\\"class.section.teacher.teacher.department_R\\\";i:7;s:29:\\\"class.section.student_courses\\\";i:8;s:37:\\\"class.section.student_courses.student\\\";i:9;s:45:\\\"class.section.student_courses.student.student\\\";i:10;s:56:\\\"class.section.student_courses.student.student.department\\\";}s:10:\\\"connection\\\";s:5:\\\"mysql\\\";}s:3:\\\"job\\\";N;s:10:\\\"connection\\\";N;s:5:\\\"queue\\\";N;s:15:\\\"chainConnection\\\";N;s:10:\\\"chainQueue\\\";N;s:19:\\\"chainCatchCallbacks\\\";N;s:5:\\\"delay\\\";N;s:11:\\\"afterCommit\\\";N;s:10:\\\"middleware\\\";a:0:{}s:7:\\\"chained\\\";a:0:{}}\"}}', 'ErrorException: Trying to get property \'student_courses\' of non-object in D:\\Personal Dev\\Laravel\\LearningManagementSystem\\app\\Jobs\\AnnouncementEmailJob.php:45\nStack trace:\n#0 D:\\Personal Dev\\Laravel\\LearningManagementSystem\\app\\Jobs\\AnnouncementEmailJob.php(45): Illuminate\\Foundation\\Bootstrap\\HandleExceptions->handleError(8, \'Trying to get p...\', \'D:\\\\Personal Dev...\', 45, Array)\n#1 D:\\Personal Dev\\Laravel\\LearningManagementSystem\\vendor\\laravel\\framework\\src\\Illuminate\\Container\\BoundMethod.php(36): App\\Jobs\\AnnouncementEmailJob->handle()\n#2 D:\\Personal Dev\\Laravel\\LearningManagementSystem\\vendor\\laravel\\framework\\src\\Illuminate\\Container\\Util.php(40): Illuminate\\Container\\BoundMethod::Illuminate\\Container\\{closure}()\n#3 D:\\Personal Dev\\Laravel\\LearningManagementSystem\\vendor\\laravel\\framework\\src\\Illuminate\\Container\\BoundMethod.php(93): Illuminate\\Container\\Util::unwrapIfClosure(Object(Closure))\n#4 D:\\Personal Dev\\Laravel\\LearningManagementSystem\\vendor\\laravel\\framework\\src\\Illuminate\\Container\\BoundMethod.php(37): Illuminate\\Container\\BoundMethod::callBoundMethod(Object(Illuminate\\Foundation\\Application), Array, Object(Closure))\n#5 D:\\Personal Dev\\Laravel\\LearningManagementSystem\\vendor\\laravel\\framework\\src\\Illuminate\\Container\\Container.php(653): Illuminate\\Container\\BoundMethod::call(Object(Illuminate\\Foundation\\Application), Array, Array, NULL)\n#6 D:\\Personal Dev\\Laravel\\LearningManagementSystem\\vendor\\laravel\\framework\\src\\Illuminate\\Bus\\Dispatcher.php(128): Illuminate\\Container\\Container->call(Array)\n#7 D:\\Personal Dev\\Laravel\\LearningManagementSystem\\vendor\\laravel\\framework\\src\\Illuminate\\Pipeline\\Pipeline.php(128): Illuminate\\Bus\\Dispatcher->Illuminate\\Bus\\{closure}(Object(App\\Jobs\\AnnouncementEmailJob))\n#8 D:\\Personal Dev\\Laravel\\LearningManagementSystem\\vendor\\laravel\\framework\\src\\Illuminate\\Pipeline\\Pipeline.php(103): Illuminate\\Pipeline\\Pipeline->Illuminate\\Pipeline\\{closure}(Object(App\\Jobs\\AnnouncementEmailJob))\n#9 D:\\Personal Dev\\Laravel\\LearningManagementSystem\\vendor\\laravel\\framework\\src\\Illuminate\\Bus\\Dispatcher.php(132): Illuminate\\Pipeline\\Pipeline->then(Object(Closure))\n#10 D:\\Personal Dev\\Laravel\\LearningManagementSystem\\vendor\\laravel\\framework\\src\\Illuminate\\Queue\\CallQueuedHandler.php(120): Illuminate\\Bus\\Dispatcher->dispatchNow(Object(App\\Jobs\\AnnouncementEmailJob), false)\n#11 D:\\Personal Dev\\Laravel\\LearningManagementSystem\\vendor\\laravel\\framework\\src\\Illuminate\\Pipeline\\Pipeline.php(128): Illuminate\\Queue\\CallQueuedHandler->Illuminate\\Queue\\{closure}(Object(App\\Jobs\\AnnouncementEmailJob))\n#12 D:\\Personal Dev\\Laravel\\LearningManagementSystem\\vendor\\laravel\\framework\\src\\Illuminate\\Pipeline\\Pipeline.php(103): Illuminate\\Pipeline\\Pipeline->Illuminate\\Pipeline\\{closure}(Object(App\\Jobs\\AnnouncementEmailJob))\n#13 D:\\Personal Dev\\Laravel\\LearningManagementSystem\\vendor\\laravel\\framework\\src\\Illuminate\\Queue\\CallQueuedHandler.php(122): Illuminate\\Pipeline\\Pipeline->then(Object(Closure))\n#14 D:\\Personal Dev\\Laravel\\LearningManagementSystem\\vendor\\laravel\\framework\\src\\Illuminate\\Queue\\CallQueuedHandler.php(70): Illuminate\\Queue\\CallQueuedHandler->dispatchThroughMiddleware(Object(Illuminate\\Queue\\Jobs\\DatabaseJob), Object(App\\Jobs\\AnnouncementEmailJob))\n#15 D:\\Personal Dev\\Laravel\\LearningManagementSystem\\vendor\\laravel\\framework\\src\\Illuminate\\Queue\\Jobs\\Job.php(98): Illuminate\\Queue\\CallQueuedHandler->call(Object(Illuminate\\Queue\\Jobs\\DatabaseJob), Array)\n#16 D:\\Personal Dev\\Laravel\\LearningManagementSystem\\vendor\\laravel\\framework\\src\\Illuminate\\Queue\\Worker.php(428): Illuminate\\Queue\\Jobs\\Job->fire()\n#17 D:\\Personal Dev\\Laravel\\LearningManagementSystem\\vendor\\laravel\\framework\\src\\Illuminate\\Queue\\Worker.php(378): Illuminate\\Queue\\Worker->process(\'database\', Object(Illuminate\\Queue\\Jobs\\DatabaseJob), Object(Illuminate\\Queue\\WorkerOptions))\n#18 D:\\Personal Dev\\Laravel\\LearningManagementSystem\\vendor\\laravel\\framework\\src\\Illuminate\\Queue\\Worker.php(329): Illuminate\\Queue\\Worker->runJob(Object(Illuminate\\Queue\\Jobs\\DatabaseJob), \'database\', Object(Illuminate\\Queue\\WorkerOptions))\n#19 D:\\Personal Dev\\Laravel\\LearningManagementSystem\\vendor\\laravel\\framework\\src\\Illuminate\\Queue\\Console\\WorkCommand.php(117): Illuminate\\Queue\\Worker->runNextJob(\'database\', \'default\', Object(Illuminate\\Queue\\WorkerOptions))\n#20 D:\\Personal Dev\\Laravel\\LearningManagementSystem\\vendor\\laravel\\framework\\src\\Illuminate\\Queue\\Console\\WorkCommand.php(101): Illuminate\\Queue\\Console\\WorkCommand->runWorker(\'database\', \'default\')\n#21 D:\\Personal Dev\\Laravel\\LearningManagementSystem\\vendor\\laravel\\framework\\src\\Illuminate\\Container\\BoundMethod.php(36): Illuminate\\Queue\\Console\\WorkCommand->handle()\n#22 D:\\Personal Dev\\Laravel\\LearningManagementSystem\\vendor\\laravel\\framework\\src\\Illuminate\\Container\\Util.php(40): Illuminate\\Container\\BoundMethod::Illuminate\\Container\\{closure}()\n#23 D:\\Personal Dev\\Laravel\\LearningManagementSystem\\vendor\\laravel\\framework\\src\\Illuminate\\Container\\BoundMethod.php(93): Illuminate\\Container\\Util::unwrapIfClosure(Object(Closure))\n#24 D:\\Personal Dev\\Laravel\\LearningManagementSystem\\vendor\\laravel\\framework\\src\\Illuminate\\Container\\BoundMethod.php(37): Illuminate\\Container\\BoundMethod::callBoundMethod(Object(Illuminate\\Foundation\\Application), Array, Object(Closure))\n#25 D:\\Personal Dev\\Laravel\\LearningManagementSystem\\vendor\\laravel\\framework\\src\\Illuminate\\Container\\Container.php(653): Illuminate\\Container\\BoundMethod::call(Object(Illuminate\\Foundation\\Application), Array, Array, NULL)\n#26 D:\\Personal Dev\\Laravel\\LearningManagementSystem\\vendor\\laravel\\framework\\src\\Illuminate\\Console\\Command.php(136): Illuminate\\Container\\Container->call(Array)\n#27 D:\\Personal Dev\\Laravel\\LearningManagementSystem\\vendor\\symfony\\console\\Command\\Command.php(298): Illuminate\\Console\\Command->execute(Object(Symfony\\Component\\Console\\Input\\ArgvInput), Object(Illuminate\\Console\\OutputStyle))\n#28 D:\\Personal Dev\\Laravel\\LearningManagementSystem\\vendor\\laravel\\framework\\src\\Illuminate\\Console\\Command.php(121): Symfony\\Component\\Console\\Command\\Command->run(Object(Symfony\\Component\\Console\\Input\\ArgvInput), Object(Illuminate\\Console\\OutputStyle))\n#29 D:\\Personal Dev\\Laravel\\LearningManagementSystem\\vendor\\symfony\\console\\Application.php(1028): Illuminate\\Console\\Command->run(Object(Symfony\\Component\\Console\\Input\\ArgvInput), Object(Symfony\\Component\\Console\\Output\\ConsoleOutput))\n#30 D:\\Personal Dev\\Laravel\\LearningManagementSystem\\vendor\\symfony\\console\\Application.php(299): Symfony\\Component\\Console\\Application->doRunCommand(Object(Illuminate\\Queue\\Console\\WorkCommand), Object(Symfony\\Component\\Console\\Input\\ArgvInput), Object(Symfony\\Component\\Console\\Output\\ConsoleOutput))\n#31 D:\\Personal Dev\\Laravel\\LearningManagementSystem\\vendor\\symfony\\console\\Application.php(171): Symfony\\Component\\Console\\Application->doRun(Object(Symfony\\Component\\Console\\Input\\ArgvInput), Object(Symfony\\Component\\Console\\Output\\ConsoleOutput))\n#32 D:\\Personal Dev\\Laravel\\LearningManagementSystem\\vendor\\laravel\\framework\\src\\Illuminate\\Console\\Application.php(94): Symfony\\Component\\Console\\Application->run(Object(Symfony\\Component\\Console\\Input\\ArgvInput), Object(Symfony\\Component\\Console\\Output\\ConsoleOutput))\n#33 D:\\Personal Dev\\Laravel\\LearningManagementSystem\\vendor\\laravel\\framework\\src\\Illuminate\\Foundation\\Console\\Kernel.php(129): Illuminate\\Console\\Application->run(Object(Symfony\\Component\\Console\\Input\\ArgvInput), Object(Symfony\\Component\\Console\\Output\\ConsoleOutput))\n#34 D:\\Personal Dev\\Laravel\\LearningManagementSystem\\artisan(37): Illuminate\\Foundation\\Console\\Kernel->handle(Object(Symfony\\Component\\Console\\Input\\ArgvInput), Object(Symfony\\Component\\Console\\Output\\ConsoleOutput))\n#35 {main}', '2022-10-15 03:12:58'),
(14, '9947457d-2df3-4596-ab44-ebfef863d75e', 'database', 'default', '{\"uuid\":\"9947457d-2df3-4596-ab44-ebfef863d75e\",\"displayName\":\"App\\\\Jobs\\\\AnnouncementEmailJob\",\"job\":\"Illuminate\\\\Queue\\\\CallQueuedHandler@call\",\"maxTries\":null,\"maxExceptions\":null,\"failOnTimeout\":false,\"backoff\":null,\"timeout\":null,\"retryUntil\":null,\"data\":{\"commandName\":\"App\\\\Jobs\\\\AnnouncementEmailJob\",\"command\":\"O:29:\\\"App\\\\Jobs\\\\AnnouncementEmailJob\\\":11:{s:43:\\\"\\u0000App\\\\Jobs\\\\AnnouncementEmailJob\\u0000announcement\\\";O:45:\\\"Illuminate\\\\Contracts\\\\Database\\\\ModelIdentifier\\\":4:{s:5:\\\"class\\\";s:23:\\\"App\\\\Models\\\\Announcement\\\";s:2:\\\"id\\\";i:4;s:9:\\\"relations\\\";a:11:{i:0;s:5:\\\"class\\\";i:1;s:13:\\\"class.section\\\";i:2;s:20:\\\"class.section.course\\\";i:3;s:21:\\\"class.section.teacher\\\";i:4;s:29:\\\"class.section.teacher.teacher\\\";i:5;s:39:\\\"class.section.teacher.teacher.courses_R\\\";i:6;s:42:\\\"class.section.teacher.teacher.department_R\\\";i:7;s:29:\\\"class.section.student_courses\\\";i:8;s:37:\\\"class.section.student_courses.student\\\";i:9;s:45:\\\"class.section.student_courses.student.student\\\";i:10;s:56:\\\"class.section.student_courses.student.student.department\\\";}s:10:\\\"connection\\\";s:5:\\\"mysql\\\";}s:3:\\\"job\\\";N;s:10:\\\"connection\\\";N;s:5:\\\"queue\\\";N;s:15:\\\"chainConnection\\\";N;s:10:\\\"chainQueue\\\";N;s:19:\\\"chainCatchCallbacks\\\";N;s:5:\\\"delay\\\";N;s:11:\\\"afterCommit\\\";N;s:10:\\\"middleware\\\";a:0:{}s:7:\\\"chained\\\";a:0:{}}\"}}', 'ErrorException: Trying to get property \'name\' of non-object in D:\\Personal Dev\\Laravel\\LearningManagementSystem\\app\\Jobs\\AnnouncementEmailJob.php:51\nStack trace:\n#0 D:\\Personal Dev\\Laravel\\LearningManagementSystem\\app\\Jobs\\AnnouncementEmailJob.php(51): Illuminate\\Foundation\\Bootstrap\\HandleExceptions->handleError(8, \'Trying to get p...\', \'D:\\\\Personal Dev...\', 51, Array)\n#1 D:\\Personal Dev\\Laravel\\LearningManagementSystem\\vendor\\laravel\\framework\\src\\Illuminate\\Container\\BoundMethod.php(36): App\\Jobs\\AnnouncementEmailJob->handle()\n#2 D:\\Personal Dev\\Laravel\\LearningManagementSystem\\vendor\\laravel\\framework\\src\\Illuminate\\Container\\Util.php(40): Illuminate\\Container\\BoundMethod::Illuminate\\Container\\{closure}()\n#3 D:\\Personal Dev\\Laravel\\LearningManagementSystem\\vendor\\laravel\\framework\\src\\Illuminate\\Container\\BoundMethod.php(93): Illuminate\\Container\\Util::unwrapIfClosure(Object(Closure))\n#4 D:\\Personal Dev\\Laravel\\LearningManagementSystem\\vendor\\laravel\\framework\\src\\Illuminate\\Container\\BoundMethod.php(37): Illuminate\\Container\\BoundMethod::callBoundMethod(Object(Illuminate\\Foundation\\Application), Array, Object(Closure))\n#5 D:\\Personal Dev\\Laravel\\LearningManagementSystem\\vendor\\laravel\\framework\\src\\Illuminate\\Container\\Container.php(653): Illuminate\\Container\\BoundMethod::call(Object(Illuminate\\Foundation\\Application), Array, Array, NULL)\n#6 D:\\Personal Dev\\Laravel\\LearningManagementSystem\\vendor\\laravel\\framework\\src\\Illuminate\\Bus\\Dispatcher.php(128): Illuminate\\Container\\Container->call(Array)\n#7 D:\\Personal Dev\\Laravel\\LearningManagementSystem\\vendor\\laravel\\framework\\src\\Illuminate\\Pipeline\\Pipeline.php(128): Illuminate\\Bus\\Dispatcher->Illuminate\\Bus\\{closure}(Object(App\\Jobs\\AnnouncementEmailJob))\n#8 D:\\Personal Dev\\Laravel\\LearningManagementSystem\\vendor\\laravel\\framework\\src\\Illuminate\\Pipeline\\Pipeline.php(103): Illuminate\\Pipeline\\Pipeline->Illuminate\\Pipeline\\{closure}(Object(App\\Jobs\\AnnouncementEmailJob))\n#9 D:\\Personal Dev\\Laravel\\LearningManagementSystem\\vendor\\laravel\\framework\\src\\Illuminate\\Bus\\Dispatcher.php(132): Illuminate\\Pipeline\\Pipeline->then(Object(Closure))\n#10 D:\\Personal Dev\\Laravel\\LearningManagementSystem\\vendor\\laravel\\framework\\src\\Illuminate\\Queue\\CallQueuedHandler.php(120): Illuminate\\Bus\\Dispatcher->dispatchNow(Object(App\\Jobs\\AnnouncementEmailJob), false)\n#11 D:\\Personal Dev\\Laravel\\LearningManagementSystem\\vendor\\laravel\\framework\\src\\Illuminate\\Pipeline\\Pipeline.php(128): Illuminate\\Queue\\CallQueuedHandler->Illuminate\\Queue\\{closure}(Object(App\\Jobs\\AnnouncementEmailJob))\n#12 D:\\Personal Dev\\Laravel\\LearningManagementSystem\\vendor\\laravel\\framework\\src\\Illuminate\\Pipeline\\Pipeline.php(103): Illuminate\\Pipeline\\Pipeline->Illuminate\\Pipeline\\{closure}(Object(App\\Jobs\\AnnouncementEmailJob))\n#13 D:\\Personal Dev\\Laravel\\LearningManagementSystem\\vendor\\laravel\\framework\\src\\Illuminate\\Queue\\CallQueuedHandler.php(122): Illuminate\\Pipeline\\Pipeline->then(Object(Closure))\n#14 D:\\Personal Dev\\Laravel\\LearningManagementSystem\\vendor\\laravel\\framework\\src\\Illuminate\\Queue\\CallQueuedHandler.php(70): Illuminate\\Queue\\CallQueuedHandler->dispatchThroughMiddleware(Object(Illuminate\\Queue\\Jobs\\DatabaseJob), Object(App\\Jobs\\AnnouncementEmailJob))\n#15 D:\\Personal Dev\\Laravel\\LearningManagementSystem\\vendor\\laravel\\framework\\src\\Illuminate\\Queue\\Jobs\\Job.php(98): Illuminate\\Queue\\CallQueuedHandler->call(Object(Illuminate\\Queue\\Jobs\\DatabaseJob), Array)\n#16 D:\\Personal Dev\\Laravel\\LearningManagementSystem\\vendor\\laravel\\framework\\src\\Illuminate\\Queue\\Worker.php(428): Illuminate\\Queue\\Jobs\\Job->fire()\n#17 D:\\Personal Dev\\Laravel\\LearningManagementSystem\\vendor\\laravel\\framework\\src\\Illuminate\\Queue\\Worker.php(378): Illuminate\\Queue\\Worker->process(\'database\', Object(Illuminate\\Queue\\Jobs\\DatabaseJob), Object(Illuminate\\Queue\\WorkerOptions))\n#18 D:\\Personal Dev\\Laravel\\LearningManagementSystem\\vendor\\laravel\\framework\\src\\Illuminate\\Queue\\Worker.php(329): Illuminate\\Queue\\Worker->runJob(Object(Illuminate\\Queue\\Jobs\\DatabaseJob), \'database\', Object(Illuminate\\Queue\\WorkerOptions))\n#19 D:\\Personal Dev\\Laravel\\LearningManagementSystem\\vendor\\laravel\\framework\\src\\Illuminate\\Queue\\Console\\WorkCommand.php(117): Illuminate\\Queue\\Worker->runNextJob(\'database\', \'default\', Object(Illuminate\\Queue\\WorkerOptions))\n#20 D:\\Personal Dev\\Laravel\\LearningManagementSystem\\vendor\\laravel\\framework\\src\\Illuminate\\Queue\\Console\\WorkCommand.php(101): Illuminate\\Queue\\Console\\WorkCommand->runWorker(\'database\', \'default\')\n#21 D:\\Personal Dev\\Laravel\\LearningManagementSystem\\vendor\\laravel\\framework\\src\\Illuminate\\Container\\BoundMethod.php(36): Illuminate\\Queue\\Console\\WorkCommand->handle()\n#22 D:\\Personal Dev\\Laravel\\LearningManagementSystem\\vendor\\laravel\\framework\\src\\Illuminate\\Container\\Util.php(40): Illuminate\\Container\\BoundMethod::Illuminate\\Container\\{closure}()\n#23 D:\\Personal Dev\\Laravel\\LearningManagementSystem\\vendor\\laravel\\framework\\src\\Illuminate\\Container\\BoundMethod.php(93): Illuminate\\Container\\Util::unwrapIfClosure(Object(Closure))\n#24 D:\\Personal Dev\\Laravel\\LearningManagementSystem\\vendor\\laravel\\framework\\src\\Illuminate\\Container\\BoundMethod.php(37): Illuminate\\Container\\BoundMethod::callBoundMethod(Object(Illuminate\\Foundation\\Application), Array, Object(Closure))\n#25 D:\\Personal Dev\\Laravel\\LearningManagementSystem\\vendor\\laravel\\framework\\src\\Illuminate\\Container\\Container.php(653): Illuminate\\Container\\BoundMethod::call(Object(Illuminate\\Foundation\\Application), Array, Array, NULL)\n#26 D:\\Personal Dev\\Laravel\\LearningManagementSystem\\vendor\\laravel\\framework\\src\\Illuminate\\Console\\Command.php(136): Illuminate\\Container\\Container->call(Array)\n#27 D:\\Personal Dev\\Laravel\\LearningManagementSystem\\vendor\\symfony\\console\\Command\\Command.php(298): Illuminate\\Console\\Command->execute(Object(Symfony\\Component\\Console\\Input\\ArgvInput), Object(Illuminate\\Console\\OutputStyle))\n#28 D:\\Personal Dev\\Laravel\\LearningManagementSystem\\vendor\\laravel\\framework\\src\\Illuminate\\Console\\Command.php(121): Symfony\\Component\\Console\\Command\\Command->run(Object(Symfony\\Component\\Console\\Input\\ArgvInput), Object(Illuminate\\Console\\OutputStyle))\n#29 D:\\Personal Dev\\Laravel\\LearningManagementSystem\\vendor\\symfony\\console\\Application.php(1028): Illuminate\\Console\\Command->run(Object(Symfony\\Component\\Console\\Input\\ArgvInput), Object(Symfony\\Component\\Console\\Output\\ConsoleOutput))\n#30 D:\\Personal Dev\\Laravel\\LearningManagementSystem\\vendor\\symfony\\console\\Application.php(299): Symfony\\Component\\Console\\Application->doRunCommand(Object(Illuminate\\Queue\\Console\\WorkCommand), Object(Symfony\\Component\\Console\\Input\\ArgvInput), Object(Symfony\\Component\\Console\\Output\\ConsoleOutput))\n#31 D:\\Personal Dev\\Laravel\\LearningManagementSystem\\vendor\\symfony\\console\\Application.php(171): Symfony\\Component\\Console\\Application->doRun(Object(Symfony\\Component\\Console\\Input\\ArgvInput), Object(Symfony\\Component\\Console\\Output\\ConsoleOutput))\n#32 D:\\Personal Dev\\Laravel\\LearningManagementSystem\\vendor\\laravel\\framework\\src\\Illuminate\\Console\\Application.php(94): Symfony\\Component\\Console\\Application->run(Object(Symfony\\Component\\Console\\Input\\ArgvInput), Object(Symfony\\Component\\Console\\Output\\ConsoleOutput))\n#33 D:\\Personal Dev\\Laravel\\LearningManagementSystem\\vendor\\laravel\\framework\\src\\Illuminate\\Foundation\\Console\\Kernel.php(129): Illuminate\\Console\\Application->run(Object(Symfony\\Component\\Console\\Input\\ArgvInput), Object(Symfony\\Component\\Console\\Output\\ConsoleOutput))\n#34 D:\\Personal Dev\\Laravel\\LearningManagementSystem\\artisan(37): Illuminate\\Foundation\\Console\\Kernel->handle(Object(Symfony\\Component\\Console\\Input\\ArgvInput), Object(Symfony\\Component\\Console\\Output\\ConsoleOutput))\n#35 {main}', '2022-10-15 03:14:17'),
(15, 'd441775c-3729-4ec0-9854-a15393cc0000', 'database', 'default', '{\"uuid\":\"d441775c-3729-4ec0-9854-a15393cc0000\",\"displayName\":\"App\\\\Jobs\\\\AnnouncementEmailJob\",\"job\":\"Illuminate\\\\Queue\\\\CallQueuedHandler@call\",\"maxTries\":null,\"maxExceptions\":null,\"failOnTimeout\":false,\"backoff\":null,\"timeout\":null,\"retryUntil\":null,\"data\":{\"commandName\":\"App\\\\Jobs\\\\AnnouncementEmailJob\",\"command\":\"O:29:\\\"App\\\\Jobs\\\\AnnouncementEmailJob\\\":11:{s:43:\\\"\\u0000App\\\\Jobs\\\\AnnouncementEmailJob\\u0000announcement\\\";N;s:3:\\\"job\\\";N;s:10:\\\"connection\\\";N;s:5:\\\"queue\\\";N;s:15:\\\"chainConnection\\\";N;s:10:\\\"chainQueue\\\";N;s:19:\\\"chainCatchCallbacks\\\";N;s:5:\\\"delay\\\";N;s:11:\\\"afterCommit\\\";N;s:10:\\\"middleware\\\";a:0:{}s:7:\\\"chained\\\";a:0:{}}\"}}', 'ErrorException: Trying to get property \'class\' of non-object in D:\\Personal Dev\\Laravel\\LearningManagementSystem\\app\\Jobs\\AnnouncementEmailJob.php:47\nStack trace:\n#0 D:\\Personal Dev\\Laravel\\LearningManagementSystem\\app\\Jobs\\AnnouncementEmailJob.php(47): Illuminate\\Foundation\\Bootstrap\\HandleExceptions->handleError(8, \'Trying to get p...\', \'D:\\\\Personal Dev...\', 47, Array)\n#1 D:\\Personal Dev\\Laravel\\LearningManagementSystem\\vendor\\laravel\\framework\\src\\Illuminate\\Container\\BoundMethod.php(36): App\\Jobs\\AnnouncementEmailJob->handle()\n#2 D:\\Personal Dev\\Laravel\\LearningManagementSystem\\vendor\\laravel\\framework\\src\\Illuminate\\Container\\Util.php(40): Illuminate\\Container\\BoundMethod::Illuminate\\Container\\{closure}()\n#3 D:\\Personal Dev\\Laravel\\LearningManagementSystem\\vendor\\laravel\\framework\\src\\Illuminate\\Container\\BoundMethod.php(93): Illuminate\\Container\\Util::unwrapIfClosure(Object(Closure))\n#4 D:\\Personal Dev\\Laravel\\LearningManagementSystem\\vendor\\laravel\\framework\\src\\Illuminate\\Container\\BoundMethod.php(37): Illuminate\\Container\\BoundMethod::callBoundMethod(Object(Illuminate\\Foundation\\Application), Array, Object(Closure))\n#5 D:\\Personal Dev\\Laravel\\LearningManagementSystem\\vendor\\laravel\\framework\\src\\Illuminate\\Container\\Container.php(653): Illuminate\\Container\\BoundMethod::call(Object(Illuminate\\Foundation\\Application), Array, Array, NULL)\n#6 D:\\Personal Dev\\Laravel\\LearningManagementSystem\\vendor\\laravel\\framework\\src\\Illuminate\\Bus\\Dispatcher.php(128): Illuminate\\Container\\Container->call(Array)\n#7 D:\\Personal Dev\\Laravel\\LearningManagementSystem\\vendor\\laravel\\framework\\src\\Illuminate\\Pipeline\\Pipeline.php(128): Illuminate\\Bus\\Dispatcher->Illuminate\\Bus\\{closure}(Object(App\\Jobs\\AnnouncementEmailJob))\n#8 D:\\Personal Dev\\Laravel\\LearningManagementSystem\\vendor\\laravel\\framework\\src\\Illuminate\\Pipeline\\Pipeline.php(103): Illuminate\\Pipeline\\Pipeline->Illuminate\\Pipeline\\{closure}(Object(App\\Jobs\\AnnouncementEmailJob))\n#9 D:\\Personal Dev\\Laravel\\LearningManagementSystem\\vendor\\laravel\\framework\\src\\Illuminate\\Bus\\Dispatcher.php(132): Illuminate\\Pipeline\\Pipeline->then(Object(Closure))\n#10 D:\\Personal Dev\\Laravel\\LearningManagementSystem\\vendor\\laravel\\framework\\src\\Illuminate\\Queue\\CallQueuedHandler.php(120): Illuminate\\Bus\\Dispatcher->dispatchNow(Object(App\\Jobs\\AnnouncementEmailJob), false)\n#11 D:\\Personal Dev\\Laravel\\LearningManagementSystem\\vendor\\laravel\\framework\\src\\Illuminate\\Pipeline\\Pipeline.php(128): Illuminate\\Queue\\CallQueuedHandler->Illuminate\\Queue\\{closure}(Object(App\\Jobs\\AnnouncementEmailJob))\n#12 D:\\Personal Dev\\Laravel\\LearningManagementSystem\\vendor\\laravel\\framework\\src\\Illuminate\\Pipeline\\Pipeline.php(103): Illuminate\\Pipeline\\Pipeline->Illuminate\\Pipeline\\{closure}(Object(App\\Jobs\\AnnouncementEmailJob))\n#13 D:\\Personal Dev\\Laravel\\LearningManagementSystem\\vendor\\laravel\\framework\\src\\Illuminate\\Queue\\CallQueuedHandler.php(122): Illuminate\\Pipeline\\Pipeline->then(Object(Closure))\n#14 D:\\Personal Dev\\Laravel\\LearningManagementSystem\\vendor\\laravel\\framework\\src\\Illuminate\\Queue\\CallQueuedHandler.php(70): Illuminate\\Queue\\CallQueuedHandler->dispatchThroughMiddleware(Object(Illuminate\\Queue\\Jobs\\DatabaseJob), Object(App\\Jobs\\AnnouncementEmailJob))\n#15 D:\\Personal Dev\\Laravel\\LearningManagementSystem\\vendor\\laravel\\framework\\src\\Illuminate\\Queue\\Jobs\\Job.php(98): Illuminate\\Queue\\CallQueuedHandler->call(Object(Illuminate\\Queue\\Jobs\\DatabaseJob), Array)\n#16 D:\\Personal Dev\\Laravel\\LearningManagementSystem\\vendor\\laravel\\framework\\src\\Illuminate\\Queue\\Worker.php(428): Illuminate\\Queue\\Jobs\\Job->fire()\n#17 D:\\Personal Dev\\Laravel\\LearningManagementSystem\\vendor\\laravel\\framework\\src\\Illuminate\\Queue\\Worker.php(378): Illuminate\\Queue\\Worker->process(\'database\', Object(Illuminate\\Queue\\Jobs\\DatabaseJob), Object(Illuminate\\Queue\\WorkerOptions))\n#18 D:\\Personal Dev\\Laravel\\LearningManagementSystem\\vendor\\laravel\\framework\\src\\Illuminate\\Queue\\Worker.php(329): Illuminate\\Queue\\Worker->runJob(Object(Illuminate\\Queue\\Jobs\\DatabaseJob), \'database\', Object(Illuminate\\Queue\\WorkerOptions))\n#19 D:\\Personal Dev\\Laravel\\LearningManagementSystem\\vendor\\laravel\\framework\\src\\Illuminate\\Queue\\Console\\WorkCommand.php(117): Illuminate\\Queue\\Worker->runNextJob(\'database\', \'default\', Object(Illuminate\\Queue\\WorkerOptions))\n#20 D:\\Personal Dev\\Laravel\\LearningManagementSystem\\vendor\\laravel\\framework\\src\\Illuminate\\Queue\\Console\\WorkCommand.php(101): Illuminate\\Queue\\Console\\WorkCommand->runWorker(\'database\', \'default\')\n#21 D:\\Personal Dev\\Laravel\\LearningManagementSystem\\vendor\\laravel\\framework\\src\\Illuminate\\Container\\BoundMethod.php(36): Illuminate\\Queue\\Console\\WorkCommand->handle()\n#22 D:\\Personal Dev\\Laravel\\LearningManagementSystem\\vendor\\laravel\\framework\\src\\Illuminate\\Container\\Util.php(40): Illuminate\\Container\\BoundMethod::Illuminate\\Container\\{closure}()\n#23 D:\\Personal Dev\\Laravel\\LearningManagementSystem\\vendor\\laravel\\framework\\src\\Illuminate\\Container\\BoundMethod.php(93): Illuminate\\Container\\Util::unwrapIfClosure(Object(Closure))\n#24 D:\\Personal Dev\\Laravel\\LearningManagementSystem\\vendor\\laravel\\framework\\src\\Illuminate\\Container\\BoundMethod.php(37): Illuminate\\Container\\BoundMethod::callBoundMethod(Object(Illuminate\\Foundation\\Application), Array, Object(Closure))\n#25 D:\\Personal Dev\\Laravel\\LearningManagementSystem\\vendor\\laravel\\framework\\src\\Illuminate\\Container\\Container.php(653): Illuminate\\Container\\BoundMethod::call(Object(Illuminate\\Foundation\\Application), Array, Array, NULL)\n#26 D:\\Personal Dev\\Laravel\\LearningManagementSystem\\vendor\\laravel\\framework\\src\\Illuminate\\Console\\Command.php(136): Illuminate\\Container\\Container->call(Array)\n#27 D:\\Personal Dev\\Laravel\\LearningManagementSystem\\vendor\\symfony\\console\\Command\\Command.php(298): Illuminate\\Console\\Command->execute(Object(Symfony\\Component\\Console\\Input\\ArgvInput), Object(Illuminate\\Console\\OutputStyle))\n#28 D:\\Personal Dev\\Laravel\\LearningManagementSystem\\vendor\\laravel\\framework\\src\\Illuminate\\Console\\Command.php(121): Symfony\\Component\\Console\\Command\\Command->run(Object(Symfony\\Component\\Console\\Input\\ArgvInput), Object(Illuminate\\Console\\OutputStyle))\n#29 D:\\Personal Dev\\Laravel\\LearningManagementSystem\\vendor\\symfony\\console\\Application.php(1028): Illuminate\\Console\\Command->run(Object(Symfony\\Component\\Console\\Input\\ArgvInput), Object(Symfony\\Component\\Console\\Output\\ConsoleOutput))\n#30 D:\\Personal Dev\\Laravel\\LearningManagementSystem\\vendor\\symfony\\console\\Application.php(299): Symfony\\Component\\Console\\Application->doRunCommand(Object(Illuminate\\Queue\\Console\\WorkCommand), Object(Symfony\\Component\\Console\\Input\\ArgvInput), Object(Symfony\\Component\\Console\\Output\\ConsoleOutput))\n#31 D:\\Personal Dev\\Laravel\\LearningManagementSystem\\vendor\\symfony\\console\\Application.php(171): Symfony\\Component\\Console\\Application->doRun(Object(Symfony\\Component\\Console\\Input\\ArgvInput), Object(Symfony\\Component\\Console\\Output\\ConsoleOutput))\n#32 D:\\Personal Dev\\Laravel\\LearningManagementSystem\\vendor\\laravel\\framework\\src\\Illuminate\\Console\\Application.php(94): Symfony\\Component\\Console\\Application->run(Object(Symfony\\Component\\Console\\Input\\ArgvInput), Object(Symfony\\Component\\Console\\Output\\ConsoleOutput))\n#33 D:\\Personal Dev\\Laravel\\LearningManagementSystem\\vendor\\laravel\\framework\\src\\Illuminate\\Foundation\\Console\\Kernel.php(129): Illuminate\\Console\\Application->run(Object(Symfony\\Component\\Console\\Input\\ArgvInput), Object(Symfony\\Component\\Console\\Output\\ConsoleOutput))\n#34 D:\\Personal Dev\\Laravel\\LearningManagementSystem\\artisan(37): Illuminate\\Foundation\\Console\\Kernel->handle(Object(Symfony\\Component\\Console\\Input\\ArgvInput), Object(Symfony\\Component\\Console\\Output\\ConsoleOutput))\n#35 {main}', '2022-10-15 03:15:11');
INSERT INTO `failed_jobs` (`id`, `uuid`, `connection`, `queue`, `payload`, `exception`, `failed_at`) VALUES
(16, '80fc384f-65eb-4b5d-a3fa-2388a5769c10', 'database', 'default', '{\"uuid\":\"80fc384f-65eb-4b5d-a3fa-2388a5769c10\",\"displayName\":\"App\\\\Jobs\\\\AnnouncementEmailJob\",\"job\":\"Illuminate\\\\Queue\\\\CallQueuedHandler@call\",\"maxTries\":null,\"maxExceptions\":null,\"failOnTimeout\":false,\"backoff\":null,\"timeout\":null,\"retryUntil\":null,\"data\":{\"commandName\":\"App\\\\Jobs\\\\AnnouncementEmailJob\",\"command\":\"O:29:\\\"App\\\\Jobs\\\\AnnouncementEmailJob\\\":11:{s:43:\\\"\\u0000App\\\\Jobs\\\\AnnouncementEmailJob\\u0000announcement\\\";O:45:\\\"Illuminate\\\\Contracts\\\\Database\\\\ModelIdentifier\\\":4:{s:5:\\\"class\\\";s:23:\\\"App\\\\Models\\\\Announcement\\\";s:2:\\\"id\\\";i:50;s:9:\\\"relations\\\";a:11:{i:0;s:5:\\\"class\\\";i:1;s:13:\\\"class.section\\\";i:2;s:20:\\\"class.section.course\\\";i:3;s:21:\\\"class.section.teacher\\\";i:4;s:29:\\\"class.section.teacher.teacher\\\";i:5;s:39:\\\"class.section.teacher.teacher.courses_R\\\";i:6;s:42:\\\"class.section.teacher.teacher.department_R\\\";i:7;s:29:\\\"class.section.student_courses\\\";i:8;s:37:\\\"class.section.student_courses.student\\\";i:9;s:45:\\\"class.section.student_courses.student.student\\\";i:10;s:56:\\\"class.section.student_courses.student.student.department\\\";}s:10:\\\"connection\\\";s:5:\\\"mysql\\\";}s:3:\\\"job\\\";N;s:10:\\\"connection\\\";N;s:5:\\\"queue\\\";N;s:15:\\\"chainConnection\\\";N;s:10:\\\"chainQueue\\\";N;s:19:\\\"chainCatchCallbacks\\\";N;s:5:\\\"delay\\\";N;s:11:\\\"afterCommit\\\";N;s:10:\\\"middleware\\\";a:0:{}s:7:\\\"chained\\\";a:0:{}}\"}}', 'ErrorException: Trying to get property \'email\' of non-object in D:\\Personal Dev\\Laravel\\LearningManagementSystem\\app\\Jobs\\AnnouncementEmailJob.php:49\nStack trace:\n#0 D:\\Personal Dev\\Laravel\\LearningManagementSystem\\app\\Jobs\\AnnouncementEmailJob.php(49): Illuminate\\Foundation\\Bootstrap\\HandleExceptions->handleError(8, \'Trying to get p...\', \'D:\\\\Personal Dev...\', 49, Array)\n#1 D:\\Personal Dev\\Laravel\\LearningManagementSystem\\vendor\\laravel\\framework\\src\\Illuminate\\Container\\BoundMethod.php(36): App\\Jobs\\AnnouncementEmailJob->handle()\n#2 D:\\Personal Dev\\Laravel\\LearningManagementSystem\\vendor\\laravel\\framework\\src\\Illuminate\\Container\\Util.php(40): Illuminate\\Container\\BoundMethod::Illuminate\\Container\\{closure}()\n#3 D:\\Personal Dev\\Laravel\\LearningManagementSystem\\vendor\\laravel\\framework\\src\\Illuminate\\Container\\BoundMethod.php(93): Illuminate\\Container\\Util::unwrapIfClosure(Object(Closure))\n#4 D:\\Personal Dev\\Laravel\\LearningManagementSystem\\vendor\\laravel\\framework\\src\\Illuminate\\Container\\BoundMethod.php(37): Illuminate\\Container\\BoundMethod::callBoundMethod(Object(Illuminate\\Foundation\\Application), Array, Object(Closure))\n#5 D:\\Personal Dev\\Laravel\\LearningManagementSystem\\vendor\\laravel\\framework\\src\\Illuminate\\Container\\Container.php(653): Illuminate\\Container\\BoundMethod::call(Object(Illuminate\\Foundation\\Application), Array, Array, NULL)\n#6 D:\\Personal Dev\\Laravel\\LearningManagementSystem\\vendor\\laravel\\framework\\src\\Illuminate\\Bus\\Dispatcher.php(128): Illuminate\\Container\\Container->call(Array)\n#7 D:\\Personal Dev\\Laravel\\LearningManagementSystem\\vendor\\laravel\\framework\\src\\Illuminate\\Pipeline\\Pipeline.php(128): Illuminate\\Bus\\Dispatcher->Illuminate\\Bus\\{closure}(Object(App\\Jobs\\AnnouncementEmailJob))\n#8 D:\\Personal Dev\\Laravel\\LearningManagementSystem\\vendor\\laravel\\framework\\src\\Illuminate\\Pipeline\\Pipeline.php(103): Illuminate\\Pipeline\\Pipeline->Illuminate\\Pipeline\\{closure}(Object(App\\Jobs\\AnnouncementEmailJob))\n#9 D:\\Personal Dev\\Laravel\\LearningManagementSystem\\vendor\\laravel\\framework\\src\\Illuminate\\Bus\\Dispatcher.php(132): Illuminate\\Pipeline\\Pipeline->then(Object(Closure))\n#10 D:\\Personal Dev\\Laravel\\LearningManagementSystem\\vendor\\laravel\\framework\\src\\Illuminate\\Queue\\CallQueuedHandler.php(120): Illuminate\\Bus\\Dispatcher->dispatchNow(Object(App\\Jobs\\AnnouncementEmailJob), false)\n#11 D:\\Personal Dev\\Laravel\\LearningManagementSystem\\vendor\\laravel\\framework\\src\\Illuminate\\Pipeline\\Pipeline.php(128): Illuminate\\Queue\\CallQueuedHandler->Illuminate\\Queue\\{closure}(Object(App\\Jobs\\AnnouncementEmailJob))\n#12 D:\\Personal Dev\\Laravel\\LearningManagementSystem\\vendor\\laravel\\framework\\src\\Illuminate\\Pipeline\\Pipeline.php(103): Illuminate\\Pipeline\\Pipeline->Illuminate\\Pipeline\\{closure}(Object(App\\Jobs\\AnnouncementEmailJob))\n#13 D:\\Personal Dev\\Laravel\\LearningManagementSystem\\vendor\\laravel\\framework\\src\\Illuminate\\Queue\\CallQueuedHandler.php(122): Illuminate\\Pipeline\\Pipeline->then(Object(Closure))\n#14 D:\\Personal Dev\\Laravel\\LearningManagementSystem\\vendor\\laravel\\framework\\src\\Illuminate\\Queue\\CallQueuedHandler.php(70): Illuminate\\Queue\\CallQueuedHandler->dispatchThroughMiddleware(Object(Illuminate\\Queue\\Jobs\\DatabaseJob), Object(App\\Jobs\\AnnouncementEmailJob))\n#15 D:\\Personal Dev\\Laravel\\LearningManagementSystem\\vendor\\laravel\\framework\\src\\Illuminate\\Queue\\Jobs\\Job.php(98): Illuminate\\Queue\\CallQueuedHandler->call(Object(Illuminate\\Queue\\Jobs\\DatabaseJob), Array)\n#16 D:\\Personal Dev\\Laravel\\LearningManagementSystem\\vendor\\laravel\\framework\\src\\Illuminate\\Queue\\Worker.php(428): Illuminate\\Queue\\Jobs\\Job->fire()\n#17 D:\\Personal Dev\\Laravel\\LearningManagementSystem\\vendor\\laravel\\framework\\src\\Illuminate\\Queue\\Worker.php(378): Illuminate\\Queue\\Worker->process(\'database\', Object(Illuminate\\Queue\\Jobs\\DatabaseJob), Object(Illuminate\\Queue\\WorkerOptions))\n#18 D:\\Personal Dev\\Laravel\\LearningManagementSystem\\vendor\\laravel\\framework\\src\\Illuminate\\Queue\\Worker.php(329): Illuminate\\Queue\\Worker->runJob(Object(Illuminate\\Queue\\Jobs\\DatabaseJob), \'database\', Object(Illuminate\\Queue\\WorkerOptions))\n#19 D:\\Personal Dev\\Laravel\\LearningManagementSystem\\vendor\\laravel\\framework\\src\\Illuminate\\Queue\\Console\\WorkCommand.php(117): Illuminate\\Queue\\Worker->runNextJob(\'database\', \'default\', Object(Illuminate\\Queue\\WorkerOptions))\n#20 D:\\Personal Dev\\Laravel\\LearningManagementSystem\\vendor\\laravel\\framework\\src\\Illuminate\\Queue\\Console\\WorkCommand.php(101): Illuminate\\Queue\\Console\\WorkCommand->runWorker(\'database\', \'default\')\n#21 D:\\Personal Dev\\Laravel\\LearningManagementSystem\\vendor\\laravel\\framework\\src\\Illuminate\\Container\\BoundMethod.php(36): Illuminate\\Queue\\Console\\WorkCommand->handle()\n#22 D:\\Personal Dev\\Laravel\\LearningManagementSystem\\vendor\\laravel\\framework\\src\\Illuminate\\Container\\Util.php(40): Illuminate\\Container\\BoundMethod::Illuminate\\Container\\{closure}()\n#23 D:\\Personal Dev\\Laravel\\LearningManagementSystem\\vendor\\laravel\\framework\\src\\Illuminate\\Container\\BoundMethod.php(93): Illuminate\\Container\\Util::unwrapIfClosure(Object(Closure))\n#24 D:\\Personal Dev\\Laravel\\LearningManagementSystem\\vendor\\laravel\\framework\\src\\Illuminate\\Container\\BoundMethod.php(37): Illuminate\\Container\\BoundMethod::callBoundMethod(Object(Illuminate\\Foundation\\Application), Array, Object(Closure))\n#25 D:\\Personal Dev\\Laravel\\LearningManagementSystem\\vendor\\laravel\\framework\\src\\Illuminate\\Container\\Container.php(653): Illuminate\\Container\\BoundMethod::call(Object(Illuminate\\Foundation\\Application), Array, Array, NULL)\n#26 D:\\Personal Dev\\Laravel\\LearningManagementSystem\\vendor\\laravel\\framework\\src\\Illuminate\\Console\\Command.php(136): Illuminate\\Container\\Container->call(Array)\n#27 D:\\Personal Dev\\Laravel\\LearningManagementSystem\\vendor\\symfony\\console\\Command\\Command.php(298): Illuminate\\Console\\Command->execute(Object(Symfony\\Component\\Console\\Input\\ArgvInput), Object(Illuminate\\Console\\OutputStyle))\n#28 D:\\Personal Dev\\Laravel\\LearningManagementSystem\\vendor\\laravel\\framework\\src\\Illuminate\\Console\\Command.php(121): Symfony\\Component\\Console\\Command\\Command->run(Object(Symfony\\Component\\Console\\Input\\ArgvInput), Object(Illuminate\\Console\\OutputStyle))\n#29 D:\\Personal Dev\\Laravel\\LearningManagementSystem\\vendor\\symfony\\console\\Application.php(1028): Illuminate\\Console\\Command->run(Object(Symfony\\Component\\Console\\Input\\ArgvInput), Object(Symfony\\Component\\Console\\Output\\ConsoleOutput))\n#30 D:\\Personal Dev\\Laravel\\LearningManagementSystem\\vendor\\symfony\\console\\Application.php(299): Symfony\\Component\\Console\\Application->doRunCommand(Object(Illuminate\\Queue\\Console\\WorkCommand), Object(Symfony\\Component\\Console\\Input\\ArgvInput), Object(Symfony\\Component\\Console\\Output\\ConsoleOutput))\n#31 D:\\Personal Dev\\Laravel\\LearningManagementSystem\\vendor\\symfony\\console\\Application.php(171): Symfony\\Component\\Console\\Application->doRun(Object(Symfony\\Component\\Console\\Input\\ArgvInput), Object(Symfony\\Component\\Console\\Output\\ConsoleOutput))\n#32 D:\\Personal Dev\\Laravel\\LearningManagementSystem\\vendor\\laravel\\framework\\src\\Illuminate\\Console\\Application.php(94): Symfony\\Component\\Console\\Application->run(Object(Symfony\\Component\\Console\\Input\\ArgvInput), Object(Symfony\\Component\\Console\\Output\\ConsoleOutput))\n#33 D:\\Personal Dev\\Laravel\\LearningManagementSystem\\vendor\\laravel\\framework\\src\\Illuminate\\Foundation\\Console\\Kernel.php(129): Illuminate\\Console\\Application->run(Object(Symfony\\Component\\Console\\Input\\ArgvInput), Object(Symfony\\Component\\Console\\Output\\ConsoleOutput))\n#34 D:\\Personal Dev\\Laravel\\LearningManagementSystem\\artisan(37): Illuminate\\Foundation\\Console\\Kernel->handle(Object(Symfony\\Component\\Console\\Input\\ArgvInput), Object(Symfony\\Component\\Console\\Output\\ConsoleOutput))\n#35 {main}', '2022-10-15 04:23:52'),
(17, 'cb2a7b98-9215-438b-9159-c6302df4738f', 'database', 'default', '{\"uuid\":\"cb2a7b98-9215-438b-9159-c6302df4738f\",\"displayName\":\"App\\\\Jobs\\\\AnnouncementEmailJob\",\"job\":\"Illuminate\\\\Queue\\\\CallQueuedHandler@call\",\"maxTries\":null,\"maxExceptions\":null,\"failOnTimeout\":false,\"backoff\":null,\"timeout\":null,\"retryUntil\":null,\"data\":{\"commandName\":\"App\\\\Jobs\\\\AnnouncementEmailJob\",\"command\":\"O:29:\\\"App\\\\Jobs\\\\AnnouncementEmailJob\\\":11:{s:43:\\\"\\u0000App\\\\Jobs\\\\AnnouncementEmailJob\\u0000announcement\\\";O:45:\\\"Illuminate\\\\Contracts\\\\Database\\\\ModelIdentifier\\\":4:{s:5:\\\"class\\\";s:23:\\\"App\\\\Models\\\\Announcement\\\";s:2:\\\"id\\\";a:49:{i:0;i:4;i:1;i:5;i:2;i:6;i:3;i:7;i:4;i:8;i:5;i:9;i:6;i:10;i:7;i:11;i:8;i:12;i:9;i:13;i:10;i:14;i:11;i:15;i:12;i:16;i:13;i:17;i:14;i:18;i:15;i:19;i:16;i:20;i:17;i:21;i:18;i:22;i:19;i:23;i:20;i:24;i:21;i:25;i:22;i:26;i:23;i:27;i:24;i:28;i:25;i:29;i:26;i:30;i:27;i:31;i:28;i:32;i:29;i:33;i:30;i:34;i:31;i:35;i:32;i:36;i:33;i:37;i:34;i:38;i:35;i:39;i:36;i:40;i:37;i:41;i:38;i:42;i:39;i:43;i:40;i:44;i:41;i:45;i:42;i:46;i:43;i:47;i:44;i:48;i:45;i:49;i:46;i:50;i:47;i:51;i:48;i:52;}s:9:\\\"relations\\\";a:11:{i:0;s:5:\\\"class\\\";i:1;s:13:\\\"class.section\\\";i:2;s:20:\\\"class.section.course\\\";i:3;s:21:\\\"class.section.teacher\\\";i:4;s:29:\\\"class.section.teacher.teacher\\\";i:5;s:39:\\\"class.section.teacher.teacher.courses_R\\\";i:6;s:42:\\\"class.section.teacher.teacher.department_R\\\";i:7;s:29:\\\"class.section.student_courses\\\";i:8;s:37:\\\"class.section.student_courses.student\\\";i:9;s:45:\\\"class.section.student_courses.student.student\\\";i:10;s:56:\\\"class.section.student_courses.student.student.department\\\";}s:10:\\\"connection\\\";s:5:\\\"mysql\\\";}s:3:\\\"job\\\";N;s:10:\\\"connection\\\";N;s:5:\\\"queue\\\";N;s:15:\\\"chainConnection\\\";N;s:10:\\\"chainQueue\\\";N;s:19:\\\"chainCatchCallbacks\\\";N;s:5:\\\"delay\\\";N;s:11:\\\"afterCommit\\\";N;s:10:\\\"middleware\\\";a:0:{}s:7:\\\"chained\\\";a:0:{}}\"}}', 'Exception: Property [class] does not exist on this collection instance. in D:\\Personal Dev\\Laravel\\LearningManagementSystem\\vendor\\laravel\\framework\\src\\Illuminate\\Collections\\Traits\\EnumeratesValues.php:969\nStack trace:\n#0 D:\\Personal Dev\\Laravel\\LearningManagementSystem\\app\\Jobs\\AnnouncementEmailJob.php(45): Illuminate\\Support\\Collection->__get(\'class\')\n#1 D:\\Personal Dev\\Laravel\\LearningManagementSystem\\vendor\\laravel\\framework\\src\\Illuminate\\Container\\BoundMethod.php(36): App\\Jobs\\AnnouncementEmailJob->handle()\n#2 D:\\Personal Dev\\Laravel\\LearningManagementSystem\\vendor\\laravel\\framework\\src\\Illuminate\\Container\\Util.php(40): Illuminate\\Container\\BoundMethod::Illuminate\\Container\\{closure}()\n#3 D:\\Personal Dev\\Laravel\\LearningManagementSystem\\vendor\\laravel\\framework\\src\\Illuminate\\Container\\BoundMethod.php(93): Illuminate\\Container\\Util::unwrapIfClosure(Object(Closure))\n#4 D:\\Personal Dev\\Laravel\\LearningManagementSystem\\vendor\\laravel\\framework\\src\\Illuminate\\Container\\BoundMethod.php(37): Illuminate\\Container\\BoundMethod::callBoundMethod(Object(Illuminate\\Foundation\\Application), Array, Object(Closure))\n#5 D:\\Personal Dev\\Laravel\\LearningManagementSystem\\vendor\\laravel\\framework\\src\\Illuminate\\Container\\Container.php(653): Illuminate\\Container\\BoundMethod::call(Object(Illuminate\\Foundation\\Application), Array, Array, NULL)\n#6 D:\\Personal Dev\\Laravel\\LearningManagementSystem\\vendor\\laravel\\framework\\src\\Illuminate\\Bus\\Dispatcher.php(128): Illuminate\\Container\\Container->call(Array)\n#7 D:\\Personal Dev\\Laravel\\LearningManagementSystem\\vendor\\laravel\\framework\\src\\Illuminate\\Pipeline\\Pipeline.php(128): Illuminate\\Bus\\Dispatcher->Illuminate\\Bus\\{closure}(Object(App\\Jobs\\AnnouncementEmailJob))\n#8 D:\\Personal Dev\\Laravel\\LearningManagementSystem\\vendor\\laravel\\framework\\src\\Illuminate\\Pipeline\\Pipeline.php(103): Illuminate\\Pipeline\\Pipeline->Illuminate\\Pipeline\\{closure}(Object(App\\Jobs\\AnnouncementEmailJob))\n#9 D:\\Personal Dev\\Laravel\\LearningManagementSystem\\vendor\\laravel\\framework\\src\\Illuminate\\Bus\\Dispatcher.php(132): Illuminate\\Pipeline\\Pipeline->then(Object(Closure))\n#10 D:\\Personal Dev\\Laravel\\LearningManagementSystem\\vendor\\laravel\\framework\\src\\Illuminate\\Queue\\CallQueuedHandler.php(120): Illuminate\\Bus\\Dispatcher->dispatchNow(Object(App\\Jobs\\AnnouncementEmailJob), false)\n#11 D:\\Personal Dev\\Laravel\\LearningManagementSystem\\vendor\\laravel\\framework\\src\\Illuminate\\Pipeline\\Pipeline.php(128): Illuminate\\Queue\\CallQueuedHandler->Illuminate\\Queue\\{closure}(Object(App\\Jobs\\AnnouncementEmailJob))\n#12 D:\\Personal Dev\\Laravel\\LearningManagementSystem\\vendor\\laravel\\framework\\src\\Illuminate\\Pipeline\\Pipeline.php(103): Illuminate\\Pipeline\\Pipeline->Illuminate\\Pipeline\\{closure}(Object(App\\Jobs\\AnnouncementEmailJob))\n#13 D:\\Personal Dev\\Laravel\\LearningManagementSystem\\vendor\\laravel\\framework\\src\\Illuminate\\Queue\\CallQueuedHandler.php(122): Illuminate\\Pipeline\\Pipeline->then(Object(Closure))\n#14 D:\\Personal Dev\\Laravel\\LearningManagementSystem\\vendor\\laravel\\framework\\src\\Illuminate\\Queue\\CallQueuedHandler.php(70): Illuminate\\Queue\\CallQueuedHandler->dispatchThroughMiddleware(Object(Illuminate\\Queue\\Jobs\\DatabaseJob), Object(App\\Jobs\\AnnouncementEmailJob))\n#15 D:\\Personal Dev\\Laravel\\LearningManagementSystem\\vendor\\laravel\\framework\\src\\Illuminate\\Queue\\Jobs\\Job.php(98): Illuminate\\Queue\\CallQueuedHandler->call(Object(Illuminate\\Queue\\Jobs\\DatabaseJob), Array)\n#16 D:\\Personal Dev\\Laravel\\LearningManagementSystem\\vendor\\laravel\\framework\\src\\Illuminate\\Queue\\Worker.php(428): Illuminate\\Queue\\Jobs\\Job->fire()\n#17 D:\\Personal Dev\\Laravel\\LearningManagementSystem\\vendor\\laravel\\framework\\src\\Illuminate\\Queue\\Worker.php(378): Illuminate\\Queue\\Worker->process(\'database\', Object(Illuminate\\Queue\\Jobs\\DatabaseJob), Object(Illuminate\\Queue\\WorkerOptions))\n#18 D:\\Personal Dev\\Laravel\\LearningManagementSystem\\vendor\\laravel\\framework\\src\\Illuminate\\Queue\\Worker.php(172): Illuminate\\Queue\\Worker->runJob(Object(Illuminate\\Queue\\Jobs\\DatabaseJob), \'database\', Object(Illuminate\\Queue\\WorkerOptions))\n#19 D:\\Personal Dev\\Laravel\\LearningManagementSystem\\vendor\\laravel\\framework\\src\\Illuminate\\Queue\\Console\\WorkCommand.php(117): Illuminate\\Queue\\Worker->daemon(\'database\', \'default\', Object(Illuminate\\Queue\\WorkerOptions))\n#20 D:\\Personal Dev\\Laravel\\LearningManagementSystem\\vendor\\laravel\\framework\\src\\Illuminate\\Queue\\Console\\WorkCommand.php(101): Illuminate\\Queue\\Console\\WorkCommand->runWorker(\'database\', \'default\')\n#21 D:\\Personal Dev\\Laravel\\LearningManagementSystem\\vendor\\laravel\\framework\\src\\Illuminate\\Container\\BoundMethod.php(36): Illuminate\\Queue\\Console\\WorkCommand->handle()\n#22 D:\\Personal Dev\\Laravel\\LearningManagementSystem\\vendor\\laravel\\framework\\src\\Illuminate\\Container\\Util.php(40): Illuminate\\Container\\BoundMethod::Illuminate\\Container\\{closure}()\n#23 D:\\Personal Dev\\Laravel\\LearningManagementSystem\\vendor\\laravel\\framework\\src\\Illuminate\\Container\\BoundMethod.php(93): Illuminate\\Container\\Util::unwrapIfClosure(Object(Closure))\n#24 D:\\Personal Dev\\Laravel\\LearningManagementSystem\\vendor\\laravel\\framework\\src\\Illuminate\\Container\\BoundMethod.php(37): Illuminate\\Container\\BoundMethod::callBoundMethod(Object(Illuminate\\Foundation\\Application), Array, Object(Closure))\n#25 D:\\Personal Dev\\Laravel\\LearningManagementSystem\\vendor\\laravel\\framework\\src\\Illuminate\\Container\\Container.php(653): Illuminate\\Container\\BoundMethod::call(Object(Illuminate\\Foundation\\Application), Array, Array, NULL)\n#26 D:\\Personal Dev\\Laravel\\LearningManagementSystem\\vendor\\laravel\\framework\\src\\Illuminate\\Console\\Command.php(136): Illuminate\\Container\\Container->call(Array)\n#27 D:\\Personal Dev\\Laravel\\LearningManagementSystem\\vendor\\symfony\\console\\Command\\Command.php(298): Illuminate\\Console\\Command->execute(Object(Symfony\\Component\\Console\\Input\\ArgvInput), Object(Illuminate\\Console\\OutputStyle))\n#28 D:\\Personal Dev\\Laravel\\LearningManagementSystem\\vendor\\laravel\\framework\\src\\Illuminate\\Console\\Command.php(121): Symfony\\Component\\Console\\Command\\Command->run(Object(Symfony\\Component\\Console\\Input\\ArgvInput), Object(Illuminate\\Console\\OutputStyle))\n#29 D:\\Personal Dev\\Laravel\\LearningManagementSystem\\vendor\\symfony\\console\\Application.php(1028): Illuminate\\Console\\Command->run(Object(Symfony\\Component\\Console\\Input\\ArgvInput), Object(Symfony\\Component\\Console\\Output\\ConsoleOutput))\n#30 D:\\Personal Dev\\Laravel\\LearningManagementSystem\\vendor\\symfony\\console\\Application.php(299): Symfony\\Component\\Console\\Application->doRunCommand(Object(Illuminate\\Queue\\Console\\WorkCommand), Object(Symfony\\Component\\Console\\Input\\ArgvInput), Object(Symfony\\Component\\Console\\Output\\ConsoleOutput))\n#31 D:\\Personal Dev\\Laravel\\LearningManagementSystem\\vendor\\symfony\\console\\Application.php(171): Symfony\\Component\\Console\\Application->doRun(Object(Symfony\\Component\\Console\\Input\\ArgvInput), Object(Symfony\\Component\\Console\\Output\\ConsoleOutput))\n#32 D:\\Personal Dev\\Laravel\\LearningManagementSystem\\vendor\\laravel\\framework\\src\\Illuminate\\Console\\Application.php(94): Symfony\\Component\\Console\\Application->run(Object(Symfony\\Component\\Console\\Input\\ArgvInput), Object(Symfony\\Component\\Console\\Output\\ConsoleOutput))\n#33 D:\\Personal Dev\\Laravel\\LearningManagementSystem\\vendor\\laravel\\framework\\src\\Illuminate\\Foundation\\Console\\Kernel.php(129): Illuminate\\Console\\Application->run(Object(Symfony\\Component\\Console\\Input\\ArgvInput), Object(Symfony\\Component\\Console\\Output\\ConsoleOutput))\n#34 D:\\Personal Dev\\Laravel\\LearningManagementSystem\\artisan(37): Illuminate\\Foundation\\Console\\Kernel->handle(Object(Symfony\\Component\\Console\\Input\\ArgvInput), Object(Symfony\\Component\\Console\\Output\\ConsoleOutput))\n#35 {main}', '2022-10-15 04:40:32'),
(18, '06a20fbb-b727-4087-a08d-40e2c511d386', 'database', 'default', '{\"uuid\":\"06a20fbb-b727-4087-a08d-40e2c511d386\",\"displayName\":\"App\\\\Jobs\\\\AnnouncementEmailJob\",\"job\":\"Illuminate\\\\Queue\\\\CallQueuedHandler@call\",\"maxTries\":null,\"maxExceptions\":null,\"failOnTimeout\":false,\"backoff\":null,\"timeout\":null,\"retryUntil\":null,\"data\":{\"commandName\":\"App\\\\Jobs\\\\AnnouncementEmailJob\",\"command\":\"O:29:\\\"App\\\\Jobs\\\\AnnouncementEmailJob\\\":11:{s:43:\\\"\\u0000App\\\\Jobs\\\\AnnouncementEmailJob\\u0000announcement\\\";a:2:{s:2:\\\"id\\\";i:1;s:7:\\\"user_id\\\";i:1;}s:3:\\\"job\\\";N;s:10:\\\"connection\\\";N;s:5:\\\"queue\\\";N;s:15:\\\"chainConnection\\\";N;s:10:\\\"chainQueue\\\";N;s:19:\\\"chainCatchCallbacks\\\";N;s:5:\\\"delay\\\";N;s:11:\\\"afterCommit\\\";N;s:10:\\\"middleware\\\";a:0:{}s:7:\\\"chained\\\";a:0:{}}\"}}', 'ErrorException: Trying to get property \'class\' of non-object in D:\\Personal Dev\\Laravel\\LearningManagementSystem\\app\\Jobs\\AnnouncementEmailJob.php:45\nStack trace:\n#0 D:\\Personal Dev\\Laravel\\LearningManagementSystem\\app\\Jobs\\AnnouncementEmailJob.php(45): Illuminate\\Foundation\\Bootstrap\\HandleExceptions->handleError(8, \'Trying to get p...\', \'D:\\\\Personal Dev...\', 45, Array)\n#1 D:\\Personal Dev\\Laravel\\LearningManagementSystem\\vendor\\laravel\\framework\\src\\Illuminate\\Container\\BoundMethod.php(36): App\\Jobs\\AnnouncementEmailJob->handle()\n#2 D:\\Personal Dev\\Laravel\\LearningManagementSystem\\vendor\\laravel\\framework\\src\\Illuminate\\Container\\Util.php(40): Illuminate\\Container\\BoundMethod::Illuminate\\Container\\{closure}()\n#3 D:\\Personal Dev\\Laravel\\LearningManagementSystem\\vendor\\laravel\\framework\\src\\Illuminate\\Container\\BoundMethod.php(93): Illuminate\\Container\\Util::unwrapIfClosure(Object(Closure))\n#4 D:\\Personal Dev\\Laravel\\LearningManagementSystem\\vendor\\laravel\\framework\\src\\Illuminate\\Container\\BoundMethod.php(37): Illuminate\\Container\\BoundMethod::callBoundMethod(Object(Illuminate\\Foundation\\Application), Array, Object(Closure))\n#5 D:\\Personal Dev\\Laravel\\LearningManagementSystem\\vendor\\laravel\\framework\\src\\Illuminate\\Container\\Container.php(653): Illuminate\\Container\\BoundMethod::call(Object(Illuminate\\Foundation\\Application), Array, Array, NULL)\n#6 D:\\Personal Dev\\Laravel\\LearningManagementSystem\\vendor\\laravel\\framework\\src\\Illuminate\\Bus\\Dispatcher.php(128): Illuminate\\Container\\Container->call(Array)\n#7 D:\\Personal Dev\\Laravel\\LearningManagementSystem\\vendor\\laravel\\framework\\src\\Illuminate\\Pipeline\\Pipeline.php(128): Illuminate\\Bus\\Dispatcher->Illuminate\\Bus\\{closure}(Object(App\\Jobs\\AnnouncementEmailJob))\n#8 D:\\Personal Dev\\Laravel\\LearningManagementSystem\\vendor\\laravel\\framework\\src\\Illuminate\\Pipeline\\Pipeline.php(103): Illuminate\\Pipeline\\Pipeline->Illuminate\\Pipeline\\{closure}(Object(App\\Jobs\\AnnouncementEmailJob))\n#9 D:\\Personal Dev\\Laravel\\LearningManagementSystem\\vendor\\laravel\\framework\\src\\Illuminate\\Bus\\Dispatcher.php(132): Illuminate\\Pipeline\\Pipeline->then(Object(Closure))\n#10 D:\\Personal Dev\\Laravel\\LearningManagementSystem\\vendor\\laravel\\framework\\src\\Illuminate\\Queue\\CallQueuedHandler.php(120): Illuminate\\Bus\\Dispatcher->dispatchNow(Object(App\\Jobs\\AnnouncementEmailJob), false)\n#11 D:\\Personal Dev\\Laravel\\LearningManagementSystem\\vendor\\laravel\\framework\\src\\Illuminate\\Pipeline\\Pipeline.php(128): Illuminate\\Queue\\CallQueuedHandler->Illuminate\\Queue\\{closure}(Object(App\\Jobs\\AnnouncementEmailJob))\n#12 D:\\Personal Dev\\Laravel\\LearningManagementSystem\\vendor\\laravel\\framework\\src\\Illuminate\\Pipeline\\Pipeline.php(103): Illuminate\\Pipeline\\Pipeline->Illuminate\\Pipeline\\{closure}(Object(App\\Jobs\\AnnouncementEmailJob))\n#13 D:\\Personal Dev\\Laravel\\LearningManagementSystem\\vendor\\laravel\\framework\\src\\Illuminate\\Queue\\CallQueuedHandler.php(122): Illuminate\\Pipeline\\Pipeline->then(Object(Closure))\n#14 D:\\Personal Dev\\Laravel\\LearningManagementSystem\\vendor\\laravel\\framework\\src\\Illuminate\\Queue\\CallQueuedHandler.php(70): Illuminate\\Queue\\CallQueuedHandler->dispatchThroughMiddleware(Object(Illuminate\\Queue\\Jobs\\DatabaseJob), Object(App\\Jobs\\AnnouncementEmailJob))\n#15 D:\\Personal Dev\\Laravel\\LearningManagementSystem\\vendor\\laravel\\framework\\src\\Illuminate\\Queue\\Jobs\\Job.php(98): Illuminate\\Queue\\CallQueuedHandler->call(Object(Illuminate\\Queue\\Jobs\\DatabaseJob), Array)\n#16 D:\\Personal Dev\\Laravel\\LearningManagementSystem\\vendor\\laravel\\framework\\src\\Illuminate\\Queue\\Worker.php(428): Illuminate\\Queue\\Jobs\\Job->fire()\n#17 D:\\Personal Dev\\Laravel\\LearningManagementSystem\\vendor\\laravel\\framework\\src\\Illuminate\\Queue\\Worker.php(378): Illuminate\\Queue\\Worker->process(\'database\', Object(Illuminate\\Queue\\Jobs\\DatabaseJob), Object(Illuminate\\Queue\\WorkerOptions))\n#18 D:\\Personal Dev\\Laravel\\LearningManagementSystem\\vendor\\laravel\\framework\\src\\Illuminate\\Queue\\Worker.php(172): Illuminate\\Queue\\Worker->runJob(Object(Illuminate\\Queue\\Jobs\\DatabaseJob), \'database\', Object(Illuminate\\Queue\\WorkerOptions))\n#19 D:\\Personal Dev\\Laravel\\LearningManagementSystem\\vendor\\laravel\\framework\\src\\Illuminate\\Queue\\Console\\WorkCommand.php(117): Illuminate\\Queue\\Worker->daemon(\'database\', \'default\', Object(Illuminate\\Queue\\WorkerOptions))\n#20 D:\\Personal Dev\\Laravel\\LearningManagementSystem\\vendor\\laravel\\framework\\src\\Illuminate\\Queue\\Console\\WorkCommand.php(101): Illuminate\\Queue\\Console\\WorkCommand->runWorker(\'database\', \'default\')\n#21 D:\\Personal Dev\\Laravel\\LearningManagementSystem\\vendor\\laravel\\framework\\src\\Illuminate\\Container\\BoundMethod.php(36): Illuminate\\Queue\\Console\\WorkCommand->handle()\n#22 D:\\Personal Dev\\Laravel\\LearningManagementSystem\\vendor\\laravel\\framework\\src\\Illuminate\\Container\\Util.php(40): Illuminate\\Container\\BoundMethod::Illuminate\\Container\\{closure}()\n#23 D:\\Personal Dev\\Laravel\\LearningManagementSystem\\vendor\\laravel\\framework\\src\\Illuminate\\Container\\BoundMethod.php(93): Illuminate\\Container\\Util::unwrapIfClosure(Object(Closure))\n#24 D:\\Personal Dev\\Laravel\\LearningManagementSystem\\vendor\\laravel\\framework\\src\\Illuminate\\Container\\BoundMethod.php(37): Illuminate\\Container\\BoundMethod::callBoundMethod(Object(Illuminate\\Foundation\\Application), Array, Object(Closure))\n#25 D:\\Personal Dev\\Laravel\\LearningManagementSystem\\vendor\\laravel\\framework\\src\\Illuminate\\Container\\Container.php(653): Illuminate\\Container\\BoundMethod::call(Object(Illuminate\\Foundation\\Application), Array, Array, NULL)\n#26 D:\\Personal Dev\\Laravel\\LearningManagementSystem\\vendor\\laravel\\framework\\src\\Illuminate\\Console\\Command.php(136): Illuminate\\Container\\Container->call(Array)\n#27 D:\\Personal Dev\\Laravel\\LearningManagementSystem\\vendor\\symfony\\console\\Command\\Command.php(298): Illuminate\\Console\\Command->execute(Object(Symfony\\Component\\Console\\Input\\ArgvInput), Object(Illuminate\\Console\\OutputStyle))\n#28 D:\\Personal Dev\\Laravel\\LearningManagementSystem\\vendor\\laravel\\framework\\src\\Illuminate\\Console\\Command.php(121): Symfony\\Component\\Console\\Command\\Command->run(Object(Symfony\\Component\\Console\\Input\\ArgvInput), Object(Illuminate\\Console\\OutputStyle))\n#29 D:\\Personal Dev\\Laravel\\LearningManagementSystem\\vendor\\symfony\\console\\Application.php(1028): Illuminate\\Console\\Command->run(Object(Symfony\\Component\\Console\\Input\\ArgvInput), Object(Symfony\\Component\\Console\\Output\\ConsoleOutput))\n#30 D:\\Personal Dev\\Laravel\\LearningManagementSystem\\vendor\\symfony\\console\\Application.php(299): Symfony\\Component\\Console\\Application->doRunCommand(Object(Illuminate\\Queue\\Console\\WorkCommand), Object(Symfony\\Component\\Console\\Input\\ArgvInput), Object(Symfony\\Component\\Console\\Output\\ConsoleOutput))\n#31 D:\\Personal Dev\\Laravel\\LearningManagementSystem\\vendor\\symfony\\console\\Application.php(171): Symfony\\Component\\Console\\Application->doRun(Object(Symfony\\Component\\Console\\Input\\ArgvInput), Object(Symfony\\Component\\Console\\Output\\ConsoleOutput))\n#32 D:\\Personal Dev\\Laravel\\LearningManagementSystem\\vendor\\laravel\\framework\\src\\Illuminate\\Console\\Application.php(94): Symfony\\Component\\Console\\Application->run(Object(Symfony\\Component\\Console\\Input\\ArgvInput), Object(Symfony\\Component\\Console\\Output\\ConsoleOutput))\n#33 D:\\Personal Dev\\Laravel\\LearningManagementSystem\\vendor\\laravel\\framework\\src\\Illuminate\\Foundation\\Console\\Kernel.php(129): Illuminate\\Console\\Application->run(Object(Symfony\\Component\\Console\\Input\\ArgvInput), Object(Symfony\\Component\\Console\\Output\\ConsoleOutput))\n#34 D:\\Personal Dev\\Laravel\\LearningManagementSystem\\artisan(37): Illuminate\\Foundation\\Console\\Kernel->handle(Object(Symfony\\Component\\Console\\Input\\ArgvInput), Object(Symfony\\Component\\Console\\Output\\ConsoleOutput))\n#35 {main}', '2022-10-15 04:44:57'),
(19, 'eb332163-f4e8-404c-848d-27195b6001b0', 'database', 'default', '{\"uuid\":\"eb332163-f4e8-404c-848d-27195b6001b0\",\"displayName\":\"App\\\\Jobs\\\\AnnouncementEmailJob\",\"job\":\"Illuminate\\\\Queue\\\\CallQueuedHandler@call\",\"maxTries\":null,\"maxExceptions\":null,\"failOnTimeout\":false,\"backoff\":null,\"timeout\":null,\"retryUntil\":null,\"data\":{\"commandName\":\"App\\\\Jobs\\\\AnnouncementEmailJob\",\"command\":\"O:29:\\\"App\\\\Jobs\\\\AnnouncementEmailJob\\\":11:{s:43:\\\"\\u0000App\\\\Jobs\\\\AnnouncementEmailJob\\u0000announcement\\\";a:2:{s:2:\\\"id\\\";i:1;s:7:\\\"user_id\\\";i:1;}s:3:\\\"job\\\";N;s:10:\\\"connection\\\";N;s:5:\\\"queue\\\";N;s:15:\\\"chainConnection\\\";N;s:10:\\\"chainQueue\\\";N;s:19:\\\"chainCatchCallbacks\\\";N;s:5:\\\"delay\\\";N;s:11:\\\"afterCommit\\\";N;s:10:\\\"middleware\\\";a:0:{}s:7:\\\"chained\\\";a:0:{}}\"}}', 'ErrorException: Trying to get property \'class\' of non-object in D:\\Personal Dev\\Laravel\\LearningManagementSystem\\app\\Jobs\\AnnouncementEmailJob.php:45\nStack trace:\n#0 D:\\Personal Dev\\Laravel\\LearningManagementSystem\\app\\Jobs\\AnnouncementEmailJob.php(45): Illuminate\\Foundation\\Bootstrap\\HandleExceptions->handleError(8, \'Trying to get p...\', \'D:\\\\Personal Dev...\', 45, Array)\n#1 D:\\Personal Dev\\Laravel\\LearningManagementSystem\\vendor\\laravel\\framework\\src\\Illuminate\\Container\\BoundMethod.php(36): App\\Jobs\\AnnouncementEmailJob->handle()\n#2 D:\\Personal Dev\\Laravel\\LearningManagementSystem\\vendor\\laravel\\framework\\src\\Illuminate\\Container\\Util.php(40): Illuminate\\Container\\BoundMethod::Illuminate\\Container\\{closure}()\n#3 D:\\Personal Dev\\Laravel\\LearningManagementSystem\\vendor\\laravel\\framework\\src\\Illuminate\\Container\\BoundMethod.php(93): Illuminate\\Container\\Util::unwrapIfClosure(Object(Closure))\n#4 D:\\Personal Dev\\Laravel\\LearningManagementSystem\\vendor\\laravel\\framework\\src\\Illuminate\\Container\\BoundMethod.php(37): Illuminate\\Container\\BoundMethod::callBoundMethod(Object(Illuminate\\Foundation\\Application), Array, Object(Closure))\n#5 D:\\Personal Dev\\Laravel\\LearningManagementSystem\\vendor\\laravel\\framework\\src\\Illuminate\\Container\\Container.php(653): Illuminate\\Container\\BoundMethod::call(Object(Illuminate\\Foundation\\Application), Array, Array, NULL)\n#6 D:\\Personal Dev\\Laravel\\LearningManagementSystem\\vendor\\laravel\\framework\\src\\Illuminate\\Bus\\Dispatcher.php(128): Illuminate\\Container\\Container->call(Array)\n#7 D:\\Personal Dev\\Laravel\\LearningManagementSystem\\vendor\\laravel\\framework\\src\\Illuminate\\Pipeline\\Pipeline.php(128): Illuminate\\Bus\\Dispatcher->Illuminate\\Bus\\{closure}(Object(App\\Jobs\\AnnouncementEmailJob))\n#8 D:\\Personal Dev\\Laravel\\LearningManagementSystem\\vendor\\laravel\\framework\\src\\Illuminate\\Pipeline\\Pipeline.php(103): Illuminate\\Pipeline\\Pipeline->Illuminate\\Pipeline\\{closure}(Object(App\\Jobs\\AnnouncementEmailJob))\n#9 D:\\Personal Dev\\Laravel\\LearningManagementSystem\\vendor\\laravel\\framework\\src\\Illuminate\\Bus\\Dispatcher.php(132): Illuminate\\Pipeline\\Pipeline->then(Object(Closure))\n#10 D:\\Personal Dev\\Laravel\\LearningManagementSystem\\vendor\\laravel\\framework\\src\\Illuminate\\Queue\\CallQueuedHandler.php(120): Illuminate\\Bus\\Dispatcher->dispatchNow(Object(App\\Jobs\\AnnouncementEmailJob), false)\n#11 D:\\Personal Dev\\Laravel\\LearningManagementSystem\\vendor\\laravel\\framework\\src\\Illuminate\\Pipeline\\Pipeline.php(128): Illuminate\\Queue\\CallQueuedHandler->Illuminate\\Queue\\{closure}(Object(App\\Jobs\\AnnouncementEmailJob))\n#12 D:\\Personal Dev\\Laravel\\LearningManagementSystem\\vendor\\laravel\\framework\\src\\Illuminate\\Pipeline\\Pipeline.php(103): Illuminate\\Pipeline\\Pipeline->Illuminate\\Pipeline\\{closure}(Object(App\\Jobs\\AnnouncementEmailJob))\n#13 D:\\Personal Dev\\Laravel\\LearningManagementSystem\\vendor\\laravel\\framework\\src\\Illuminate\\Queue\\CallQueuedHandler.php(122): Illuminate\\Pipeline\\Pipeline->then(Object(Closure))\n#14 D:\\Personal Dev\\Laravel\\LearningManagementSystem\\vendor\\laravel\\framework\\src\\Illuminate\\Queue\\CallQueuedHandler.php(70): Illuminate\\Queue\\CallQueuedHandler->dispatchThroughMiddleware(Object(Illuminate\\Queue\\Jobs\\DatabaseJob), Object(App\\Jobs\\AnnouncementEmailJob))\n#15 D:\\Personal Dev\\Laravel\\LearningManagementSystem\\vendor\\laravel\\framework\\src\\Illuminate\\Queue\\Jobs\\Job.php(98): Illuminate\\Queue\\CallQueuedHandler->call(Object(Illuminate\\Queue\\Jobs\\DatabaseJob), Array)\n#16 D:\\Personal Dev\\Laravel\\LearningManagementSystem\\vendor\\laravel\\framework\\src\\Illuminate\\Queue\\Worker.php(428): Illuminate\\Queue\\Jobs\\Job->fire()\n#17 D:\\Personal Dev\\Laravel\\LearningManagementSystem\\vendor\\laravel\\framework\\src\\Illuminate\\Queue\\Worker.php(378): Illuminate\\Queue\\Worker->process(\'database\', Object(Illuminate\\Queue\\Jobs\\DatabaseJob), Object(Illuminate\\Queue\\WorkerOptions))\n#18 D:\\Personal Dev\\Laravel\\LearningManagementSystem\\vendor\\laravel\\framework\\src\\Illuminate\\Queue\\Worker.php(172): Illuminate\\Queue\\Worker->runJob(Object(Illuminate\\Queue\\Jobs\\DatabaseJob), \'database\', Object(Illuminate\\Queue\\WorkerOptions))\n#19 D:\\Personal Dev\\Laravel\\LearningManagementSystem\\vendor\\laravel\\framework\\src\\Illuminate\\Queue\\Console\\WorkCommand.php(117): Illuminate\\Queue\\Worker->daemon(\'database\', \'default\', Object(Illuminate\\Queue\\WorkerOptions))\n#20 D:\\Personal Dev\\Laravel\\LearningManagementSystem\\vendor\\laravel\\framework\\src\\Illuminate\\Queue\\Console\\WorkCommand.php(101): Illuminate\\Queue\\Console\\WorkCommand->runWorker(\'database\', \'default\')\n#21 D:\\Personal Dev\\Laravel\\LearningManagementSystem\\vendor\\laravel\\framework\\src\\Illuminate\\Container\\BoundMethod.php(36): Illuminate\\Queue\\Console\\WorkCommand->handle()\n#22 D:\\Personal Dev\\Laravel\\LearningManagementSystem\\vendor\\laravel\\framework\\src\\Illuminate\\Container\\Util.php(40): Illuminate\\Container\\BoundMethod::Illuminate\\Container\\{closure}()\n#23 D:\\Personal Dev\\Laravel\\LearningManagementSystem\\vendor\\laravel\\framework\\src\\Illuminate\\Container\\BoundMethod.php(93): Illuminate\\Container\\Util::unwrapIfClosure(Object(Closure))\n#24 D:\\Personal Dev\\Laravel\\LearningManagementSystem\\vendor\\laravel\\framework\\src\\Illuminate\\Container\\BoundMethod.php(37): Illuminate\\Container\\BoundMethod::callBoundMethod(Object(Illuminate\\Foundation\\Application), Array, Object(Closure))\n#25 D:\\Personal Dev\\Laravel\\LearningManagementSystem\\vendor\\laravel\\framework\\src\\Illuminate\\Container\\Container.php(653): Illuminate\\Container\\BoundMethod::call(Object(Illuminate\\Foundation\\Application), Array, Array, NULL)\n#26 D:\\Personal Dev\\Laravel\\LearningManagementSystem\\vendor\\laravel\\framework\\src\\Illuminate\\Console\\Command.php(136): Illuminate\\Container\\Container->call(Array)\n#27 D:\\Personal Dev\\Laravel\\LearningManagementSystem\\vendor\\symfony\\console\\Command\\Command.php(298): Illuminate\\Console\\Command->execute(Object(Symfony\\Component\\Console\\Input\\ArgvInput), Object(Illuminate\\Console\\OutputStyle))\n#28 D:\\Personal Dev\\Laravel\\LearningManagementSystem\\vendor\\laravel\\framework\\src\\Illuminate\\Console\\Command.php(121): Symfony\\Component\\Console\\Command\\Command->run(Object(Symfony\\Component\\Console\\Input\\ArgvInput), Object(Illuminate\\Console\\OutputStyle))\n#29 D:\\Personal Dev\\Laravel\\LearningManagementSystem\\vendor\\symfony\\console\\Application.php(1028): Illuminate\\Console\\Command->run(Object(Symfony\\Component\\Console\\Input\\ArgvInput), Object(Symfony\\Component\\Console\\Output\\ConsoleOutput))\n#30 D:\\Personal Dev\\Laravel\\LearningManagementSystem\\vendor\\symfony\\console\\Application.php(299): Symfony\\Component\\Console\\Application->doRunCommand(Object(Illuminate\\Queue\\Console\\WorkCommand), Object(Symfony\\Component\\Console\\Input\\ArgvInput), Object(Symfony\\Component\\Console\\Output\\ConsoleOutput))\n#31 D:\\Personal Dev\\Laravel\\LearningManagementSystem\\vendor\\symfony\\console\\Application.php(171): Symfony\\Component\\Console\\Application->doRun(Object(Symfony\\Component\\Console\\Input\\ArgvInput), Object(Symfony\\Component\\Console\\Output\\ConsoleOutput))\n#32 D:\\Personal Dev\\Laravel\\LearningManagementSystem\\vendor\\laravel\\framework\\src\\Illuminate\\Console\\Application.php(94): Symfony\\Component\\Console\\Application->run(Object(Symfony\\Component\\Console\\Input\\ArgvInput), Object(Symfony\\Component\\Console\\Output\\ConsoleOutput))\n#33 D:\\Personal Dev\\Laravel\\LearningManagementSystem\\vendor\\laravel\\framework\\src\\Illuminate\\Foundation\\Console\\Kernel.php(129): Illuminate\\Console\\Application->run(Object(Symfony\\Component\\Console\\Input\\ArgvInput), Object(Symfony\\Component\\Console\\Output\\ConsoleOutput))\n#34 D:\\Personal Dev\\Laravel\\LearningManagementSystem\\artisan(37): Illuminate\\Foundation\\Console\\Kernel->handle(Object(Symfony\\Component\\Console\\Input\\ArgvInput), Object(Symfony\\Component\\Console\\Output\\ConsoleOutput))\n#35 {main}', '2022-10-15 04:45:00');

-- --------------------------------------------------------

--
-- Table structure for table `jobs`
--

CREATE TABLE `jobs` (
  `id` bigint(20) UNSIGNED NOT NULL,
  `queue` varchar(255) COLLATE utf8mb4_unicode_ci NOT NULL,
  `payload` longtext COLLATE utf8mb4_unicode_ci NOT NULL,
  `attempts` tinyint(3) UNSIGNED NOT NULL,
  `reserved_at` int(10) UNSIGNED DEFAULT NULL,
  `available_at` int(10) UNSIGNED NOT NULL,
  `created_at` int(10) UNSIGNED NOT NULL
) ENGINE=InnoDB DEFAULT CHARSET=utf8mb4 COLLATE=utf8mb4_unicode_ci;

-- --------------------------------------------------------

--
-- Table structure for table `lessons`
--

CREATE TABLE `lessons` (
  `id` bigint(20) UNSIGNED NOT NULL,
  `class_id` bigint(20) UNSIGNED NOT NULL,
  `title` varchar(255) COLLATE utf8mb4_unicode_ci NOT NULL,
  `text_area` text COLLATE utf8mb4_unicode_ci NOT NULL,
  `downloadable_content` varchar(255) COLLATE utf8mb4_unicode_ci DEFAULT NULL,
  `created_at` timestamp NULL DEFAULT NULL,
  `updated_at` timestamp NULL DEFAULT NULL,
  `deleted_at` timestamp NULL DEFAULT NULL
) ENGINE=InnoDB DEFAULT CHARSET=utf8mb4 COLLATE=utf8mb4_unicode_ci;

--
-- Dumping data for table `lessons`
--

INSERT INTO `lessons` (`id`, `class_id`, `title`, `text_area`, `downloadable_content`, `created_at`, `updated_at`, `deleted_at`) VALUES
(1, 2, 'test title', 'this is a test', NULL, NULL, '2022-10-19 22:43:44', '2022-10-19 22:43:44'),
(2, 6, 'Lecture 1', 'Please go through all of the pointers on PegionHole theory', NULL, '2022-10-21 06:37:30', '2022-10-21 06:37:30', NULL),
(3, 2, 'Test', 'test', 'public/lessons/2//ivn19To6bZ8JfKQXK0wURfAHJs3YfygxUkRz3tjr.png', '2022-11-18 11:27:02', '2022-11-18 11:28:17', NULL);

-- --------------------------------------------------------

--
-- Table structure for table `migrations`
--

CREATE TABLE `migrations` (
  `id` int(10) UNSIGNED NOT NULL,
  `migration` varchar(255) COLLATE utf8mb4_unicode_ci NOT NULL,
  `batch` int(11) NOT NULL
) ENGINE=InnoDB DEFAULT CHARSET=utf8mb4 COLLATE=utf8mb4_unicode_ci;

--
-- Dumping data for table `migrations`
--

INSERT INTO `migrations` (`id`, `migration`, `batch`) VALUES
(12, '2014_10_12_000000_create_users_table', 1),
(13, '2014_10_12_100000_create_password_resets_table', 1),
(14, '2019_08_19_000000_create_failed_jobs_table', 1),
(15, '2019_12_14_000001_create_personal_access_tokens_table', 1),
(16, '2022_10_01_015021_create_students_table', 1),
(17, '2022_10_01_015111_create_teachers_table', 1),
(18, '2022_10_01_015337_create_departments_table', 1),
(19, '2022_10_01_015403_create_semesters_table', 1),
(20, '2022_10_01_015416_create_courses_table', 1),
(21, '2022_10_01_020043_create_sections_table', 1),
(22, '2022_10_01_020412_create_permission_tables', 1),
(23, '2022_10_03_034933_teacher_course', 2),
(27, '2022_10_04_054012_create_student_courses_table', 3),
(30, '2022_10_04_054706_add_gender_in_users_table', 4),
(31, '2022_10_04_090810_create_student_course_requests_table', 4),
(32, '2022_10_05_041935_add_department_code_in_departments_table', 5),
(33, '2022_10_05_052930_add_department_id_in_courses_table', 6),
(38, '2022_10_05_063804_create_class_modules_table', 7),
(39, '2022_10_05_064900_create_announcements_table', 7),
(40, '2022_10_05_065952_create_lessons_table', 7),
(41, '2022_10_05_070014_create_modules_table', 7),
(42, '2022_10_07_211056_create_attendances_table', 8),
(43, '2022_10_13_190912_create_jobs_table', 9),
(47, '2022_10_15_145803_add_deleted_at_field_in_announcements_table', 10),
(48, '2022_10_15_155636_add_deleted_at_column_in_lessons_table', 11),
(49, '2022_10_15_171514_create_credit_prices_table', 12),
(50, '2022_10_19_080425_add_course_drop_date_limit_in_semesters_table', 13),
(53, '2022_10_21_104311_add_is_declined_column_in_student_course_requests_table', 14);

-- --------------------------------------------------------

--
-- Table structure for table `model_has_permissions`
--

CREATE TABLE `model_has_permissions` (
  `permission_id` bigint(20) UNSIGNED NOT NULL,
  `model_type` varchar(255) COLLATE utf8mb4_unicode_ci NOT NULL,
  `model_id` bigint(20) UNSIGNED NOT NULL
) ENGINE=InnoDB DEFAULT CHARSET=utf8mb4 COLLATE=utf8mb4_unicode_ci;

-- --------------------------------------------------------

--
-- Table structure for table `model_has_roles`
--

CREATE TABLE `model_has_roles` (
  `role_id` bigint(20) UNSIGNED NOT NULL,
  `model_type` varchar(255) COLLATE utf8mb4_unicode_ci NOT NULL,
  `model_id` bigint(20) UNSIGNED NOT NULL
) ENGINE=InnoDB DEFAULT CHARSET=utf8mb4 COLLATE=utf8mb4_unicode_ci;

--
-- Dumping data for table `model_has_roles`
--

INSERT INTO `model_has_roles` (`role_id`, `model_type`, `model_id`) VALUES
(2, 'App\\Models\\User', 2),
(2, 'App\\Models\\User', 3),
(2, 'App\\Models\\User', 13),
(2, 'App\\Models\\User', 15),
(3, 'App\\Models\\User', 1),
(4, 'App\\Models\\User', 4),
(4, 'App\\Models\\User', 14);

-- --------------------------------------------------------

--
-- Table structure for table `modules`
--

CREATE TABLE `modules` (
  `id` bigint(20) UNSIGNED NOT NULL,
  `class_id` bigint(20) UNSIGNED NOT NULL,
  `title` varchar(255) COLLATE utf8mb4_unicode_ci NOT NULL,
  `downloadable_content` varchar(255) COLLATE utf8mb4_unicode_ci DEFAULT NULL,
  `created_at` timestamp NULL DEFAULT NULL,
  `updated_at` timestamp NULL DEFAULT NULL
) ENGINE=InnoDB DEFAULT CHARSET=utf8mb4 COLLATE=utf8mb4_unicode_ci;

-- --------------------------------------------------------

--
-- Table structure for table `password_resets`
--

CREATE TABLE `password_resets` (
  `email` varchar(255) COLLATE utf8mb4_unicode_ci NOT NULL,
  `token` varchar(255) COLLATE utf8mb4_unicode_ci NOT NULL,
  `created_at` timestamp NULL DEFAULT NULL
) ENGINE=InnoDB DEFAULT CHARSET=utf8mb4 COLLATE=utf8mb4_unicode_ci;

-- --------------------------------------------------------

--
-- Table structure for table `permissions`
--

CREATE TABLE `permissions` (
  `id` bigint(20) UNSIGNED NOT NULL,
  `name` varchar(255) COLLATE utf8mb4_unicode_ci NOT NULL,
  `guard_name` varchar(255) COLLATE utf8mb4_unicode_ci NOT NULL,
  `created_at` timestamp NULL DEFAULT NULL,
  `updated_at` timestamp NULL DEFAULT NULL
) ENGINE=InnoDB DEFAULT CHARSET=utf8mb4 COLLATE=utf8mb4_unicode_ci;

--
-- Dumping data for table `permissions`
--

INSERT INTO `permissions` (`id`, `name`, `guard_name`, `created_at`, `updated_at`) VALUES
(1, 'add_user', 'web', '2022-10-02 23:42:38', '2022-10-02 23:42:38'),
(2, 'add_roles', 'web', '2022-10-02 23:43:13', '2022-10-02 23:43:13'),
(3, 'view_roles', 'web', '2022-10-02 23:43:24', '2022-10-02 23:43:24'),
(4, 'add_remove_student', 'web', '2022-10-02 23:44:29', '2022-10-02 23:44:29'),
(6, 'add_department', 'web', '2022-10-07 05:00:12', '2022-10-07 05:00:12'),
(7, 'view_enrollement_requests', 'web', '2022-10-11 11:40:19', '2022-10-11 11:40:19'),
(8, 'view_courses', 'web', '2022-10-11 11:40:44', '2022-10-11 11:40:44'),
(9, 'view_sections', 'web', '2022-10-11 11:40:51', '2022-10-11 11:40:51');

-- --------------------------------------------------------

--
-- Table structure for table `personal_access_tokens`
--

CREATE TABLE `personal_access_tokens` (
  `id` bigint(20) UNSIGNED NOT NULL,
  `tokenable_type` varchar(255) COLLATE utf8mb4_unicode_ci NOT NULL,
  `tokenable_id` bigint(20) UNSIGNED NOT NULL,
  `name` varchar(255) COLLATE utf8mb4_unicode_ci NOT NULL,
  `token` varchar(64) COLLATE utf8mb4_unicode_ci NOT NULL,
  `abilities` text COLLATE utf8mb4_unicode_ci DEFAULT NULL,
  `last_used_at` timestamp NULL DEFAULT NULL,
  `created_at` timestamp NULL DEFAULT NULL,
  `updated_at` timestamp NULL DEFAULT NULL
) ENGINE=InnoDB DEFAULT CHARSET=utf8mb4 COLLATE=utf8mb4_unicode_ci;

-- --------------------------------------------------------

--
-- Table structure for table `roles`
--

CREATE TABLE `roles` (
  `id` bigint(20) UNSIGNED NOT NULL,
  `name` varchar(255) COLLATE utf8mb4_unicode_ci NOT NULL,
  `guard_name` varchar(255) COLLATE utf8mb4_unicode_ci NOT NULL,
  `created_at` timestamp NULL DEFAULT NULL,
  `updated_at` timestamp NULL DEFAULT NULL
) ENGINE=InnoDB DEFAULT CHARSET=utf8mb4 COLLATE=utf8mb4_unicode_ci;

--
-- Dumping data for table `roles`
--

INSERT INTO `roles` (`id`, `name`, `guard_name`, `created_at`, `updated_at`) VALUES
(2, 'Teacher', 'web', '2022-10-02 23:57:50', '2022-10-02 23:57:50'),
(3, 'Super Admin', 'web', '2022-10-03 00:02:25', '2022-10-03 00:02:25'),
(4, 'Student', 'web', '2022-10-03 04:25:23', '2022-10-03 04:25:23');

-- --------------------------------------------------------

--
-- Table structure for table `role_has_permissions`
--

CREATE TABLE `role_has_permissions` (
  `permission_id` bigint(20) UNSIGNED NOT NULL,
  `role_id` bigint(20) UNSIGNED NOT NULL
) ENGINE=InnoDB DEFAULT CHARSET=utf8mb4 COLLATE=utf8mb4_unicode_ci;

--
-- Dumping data for table `role_has_permissions`
--

INSERT INTO `role_has_permissions` (`permission_id`, `role_id`) VALUES
(1, 2),
(1, 3),
(2, 3),
(3, 3),
(4, 2),
(4, 3),
(6, 3),
(7, 3),
(7, 4),
(8, 2),
(8, 3),
(8, 4),
(9, 2),
(9, 3),
(9, 4);

-- --------------------------------------------------------

--
-- Table structure for table `sections`
--

CREATE TABLE `sections` (
  `id` bigint(20) UNSIGNED NOT NULL,
  `course_id` bigint(20) UNSIGNED NOT NULL,
  `section_id` int(11) NOT NULL,
  `teacher_id` bigint(20) UNSIGNED DEFAULT NULL,
  `starting_time` time NOT NULL,
  `ending_time` time NOT NULL,
  `room_no` varchar(255) COLLATE utf8mb4_unicode_ci NOT NULL,
  `total_seats` int(11) NOT NULL,
  `seats_available` int(11) DEFAULT NULL,
  `created_at` timestamp NULL DEFAULT NULL,
  `updated_at` timestamp NULL DEFAULT NULL
) ENGINE=InnoDB DEFAULT CHARSET=utf8mb4 COLLATE=utf8mb4_unicode_ci;

--
-- Dumping data for table `sections`
--

INSERT INTO `sections` (`id`, `course_id`, `section_id`, `teacher_id`, `starting_time`, `ending_time`, `room_no`, `total_seats`, `seats_available`, `created_at`, `updated_at`) VALUES
(1, 1, 1, 2, '11:20:00', '12:50:00', '', 40, 33, NULL, '2022-11-18 11:33:21'),
(4, 1, 2, NULL, '09:40:00', '11:10:00', '', 40, NULL, NULL, NULL),
(5, 1, 3, 2, '14:40:00', '16:10:00', 'NAC412', 40, 40, '2022-10-04 23:46:38', '2022-10-04 23:46:38'),
(7, 2, 1, 2, '16:00:00', '17:30:00', 'SAC401', 45, 44, '2022-10-07 05:05:01', '2022-10-16 09:57:12'),
(8, 2, 2, 2, '09:40:00', '11:10:00', 'NAC211', 40, 39, '2022-10-07 05:07:51', '2022-11-18 11:33:23'),
(9, 2, 3, 1, '11:10:00', '12:50:00', 'NAC332', 40, 40, '2022-10-07 05:09:51', '2022-10-07 05:09:51'),
(10, 2, 4, 1, '13:00:00', '14:30:00', 'SAC420', 45, 45, '2022-10-07 05:11:08', '2022-10-07 05:11:08'),
(11, 1, 4, 2, '16:00:00', '17:30:00', 'NAC512', 45, 45, '2022-10-07 05:20:07', '2022-10-07 05:20:07'),
(12, 5, 5, 2, '16:08:00', '17:10:00', 'SAC400', 45, 45, '2022-10-10 16:08:40', '2022-10-10 16:08:40'),
(13, 5, 7, 3, '16:20:00', '17:50:00', 'NAC412', 45, 44, '2022-10-17 10:39:45', '2022-10-21 06:24:19'),
(14, 2, 8, 15, '08:00:00', '09:39:00', 'NAC220', 42, 42, '2022-10-17 10:41:53', '2022-10-17 10:41:53'),
(15, 4, 1, 3, '11:20:00', '12:50:00', 'NAC211', 45, 44, '2022-10-21 06:34:47', '2022-10-21 06:35:14');

-- --------------------------------------------------------

--
-- Table structure for table `semesters`
--

CREATE TABLE `semesters` (
  `id` bigint(20) UNSIGNED NOT NULL,
  `name` varchar(255) COLLATE utf8mb4_unicode_ci NOT NULL,
  `starting_date` date DEFAULT NULL,
  `ending_date` date DEFAULT NULL,
  `created_at` timestamp NULL DEFAULT NULL,
  `updated_at` timestamp NULL DEFAULT NULL,
  `semester_drop_date` date DEFAULT NULL
) ENGINE=InnoDB DEFAULT CHARSET=utf8mb4 COLLATE=utf8mb4_unicode_ci;

--
-- Dumping data for table `semesters`
--

INSERT INTO `semesters` (`id`, `name`, `starting_date`, `ending_date`, `created_at`, `updated_at`, `semester_drop_date`) VALUES
(1, 'Fall2022', '2022-10-01', '2023-01-05', NULL, '2022-11-18 11:37:03', '2022-11-30'),
(2, 'Winter2023', '2023-01-27', '2023-04-04', '2022-10-16 12:51:29', '2022-11-18 11:37:51', '2022-11-16');

-- --------------------------------------------------------

--
-- Table structure for table `students`
--

CREATE TABLE `students` (
  `id` bigint(20) UNSIGNED NOT NULL,
  `user_id` bigint(20) UNSIGNED NOT NULL,
  `student_id` bigint(20) NOT NULL,
  `department_id` bigint(20) UNSIGNED NOT NULL,
  `semester_id` bigint(20) UNSIGNED NOT NULL,
  `phone` varchar(255) COLLATE utf8mb4_unicode_ci NOT NULL,
  `enrolledCourses` bigint(20) UNSIGNED DEFAULT NULL,
  `created_at` timestamp NULL DEFAULT NULL,
  `updated_at` timestamp NULL DEFAULT NULL
) ENGINE=InnoDB DEFAULT CHARSET=utf8mb4 COLLATE=utf8mb4_unicode_ci;

--
-- Dumping data for table `students`
--

INSERT INTO `students` (`id`, `user_id`, `student_id`, `department_id`, `semester_id`, `phone`, `enrolledCourses`, `created_at`, `updated_at`) VALUES
(1, 1, 21122344, 1, 2, '01974470929', NULL, NULL, NULL),
(2, 4, 41171944, 1, 1, '01974470929', NULL, NULL, NULL),
(3, 14, 642114, 1, 1, '01923884747', NULL, NULL, NULL);

-- --------------------------------------------------------

--
-- Table structure for table `student_courses`
--

CREATE TABLE `student_courses` (
  `id` bigint(20) UNSIGNED NOT NULL,
  `user_id` bigint(20) UNSIGNED NOT NULL,
  `section_id` bigint(20) UNSIGNED NOT NULL,
  `semester_id` bigint(20) UNSIGNED NOT NULL,
  `course_id` bigint(20) UNSIGNED NOT NULL,
  `created_at` timestamp NULL DEFAULT NULL,
  `updated_at` timestamp NULL DEFAULT NULL
) ENGINE=InnoDB DEFAULT CHARSET=utf8mb4 COLLATE=utf8mb4_unicode_ci;

--
-- Dumping data for table `student_courses`
--

INSERT INTO `student_courses` (`id`, `user_id`, `section_id`, `semester_id`, `course_id`, `created_at`, `updated_at`) VALUES
(3, 1, 1, 1, 1, '2022-10-07 04:49:10', '2022-10-07 04:49:10'),
(6, 1, 7, 1, 2, '2022-10-16 09:57:12', '2022-10-16 09:57:12'),
(8, 14, 13, 2, 5, '2022-10-21 06:24:19', '2022-10-21 06:24:19'),
(10, 1, 1, 2, 1, '2022-11-18 11:33:19', '2022-11-18 11:33:19'),
(12, 4, 8, 2, 2, '2022-11-18 11:33:23', '2022-11-18 11:33:23');

-- --------------------------------------------------------

--
-- Table structure for table `student_course_requests`
--

CREATE TABLE `student_course_requests` (
  `id` bigint(20) UNSIGNED NOT NULL,
  `user_id` bigint(20) UNSIGNED NOT NULL,
  `section_id` bigint(20) UNSIGNED NOT NULL,
  `semester_id` bigint(20) UNSIGNED NOT NULL,
  `teacher_id` bigint(20) UNSIGNED NOT NULL,
  `course_id` bigint(20) UNSIGNED NOT NULL,
  `created_at` timestamp NULL DEFAULT NULL,
  `updated_at` timestamp NULL DEFAULT NULL,
  `isDeclined` tinyint(1) NOT NULL DEFAULT 0,
  `declined_reason` varchar(255) COLLATE utf8mb4_unicode_ci DEFAULT NULL
) ENGINE=InnoDB DEFAULT CHARSET=utf8mb4 COLLATE=utf8mb4_unicode_ci;

--
-- Dumping data for table `student_course_requests`
--

INSERT INTO `student_course_requests` (`id`, `user_id`, `section_id`, `semester_id`, `teacher_id`, `course_id`, `created_at`, `updated_at`, `isDeclined`, `declined_reason`) VALUES
(16, 14, 12, 2, 2, 5, '2022-10-21 05:19:11', '2022-10-21 05:59:40', 1, 'Not Enough CGPA'),
(19, 14, 15, 2, 3, 4, '2022-10-21 10:05:14', '2022-10-21 10:05:14', 0, NULL);

-- --------------------------------------------------------

--
-- Table structure for table `teachers`
--

CREATE TABLE `teachers` (
  `id` bigint(20) UNSIGNED NOT NULL,
  `user_id` bigint(20) UNSIGNED NOT NULL,
  `designation` varchar(255) COLLATE utf8mb4_unicode_ci NOT NULL,
  `department` bigint(20) UNSIGNED NOT NULL,
  `courses` bigint(20) UNSIGNED DEFAULT NULL,
  `created_at` timestamp NULL DEFAULT NULL,
  `updated_at` timestamp NULL DEFAULT NULL
) ENGINE=InnoDB DEFAULT CHARSET=utf8mb4 COLLATE=utf8mb4_unicode_ci;

--
-- Dumping data for table `teachers`
--

INSERT INTO `teachers` (`id`, `user_id`, `designation`, `department`, `courses`, `created_at`, `updated_at`) VALUES
(1, 2, 'Professor', 1, NULL, NULL, NULL),
(2, 3, 'Lecturer', 1, NULL, NULL, NULL),
(3, 13, 'Assistant Professor', 2, NULL, '2022-10-03 05:10:51', '2022-10-03 05:10:51'),
(4, 15, 'Professor', 1, NULL, '2022-10-17 04:06:23', '2022-10-17 04:06:23');

-- --------------------------------------------------------

--
-- Table structure for table `teacher_course`
--

CREATE TABLE `teacher_course` (
  `teacher_id` bigint(20) UNSIGNED NOT NULL,
  `course_id` bigint(20) UNSIGNED NOT NULL
) ENGINE=InnoDB DEFAULT CHARSET=utf8mb4 COLLATE=utf8mb4_unicode_ci;

--
-- Dumping data for table `teacher_course`
--

INSERT INTO `teacher_course` (`teacher_id`, `course_id`) VALUES
(1, 1),
(3, 1),
(3, 2),
(1, 1),
(1, 2),
(2, 4),
(4, 5),
(4, 6);

-- --------------------------------------------------------

--
-- Table structure for table `users`
--

CREATE TABLE `users` (
  `id` bigint(20) UNSIGNED NOT NULL,
  `name` varchar(255) COLLATE utf8mb4_unicode_ci NOT NULL,
  `email` varchar(255) COLLATE utf8mb4_unicode_ci NOT NULL,
  `email_verified_at` timestamp NULL DEFAULT NULL,
  `password` varchar(255) COLLATE utf8mb4_unicode_ci NOT NULL,
  `isTeacher` tinyint(1) NOT NULL DEFAULT 0,
  `remember_token` varchar(100) COLLATE utf8mb4_unicode_ci DEFAULT NULL,
  `created_at` timestamp NULL DEFAULT NULL,
  `updated_at` timestamp NULL DEFAULT NULL,
  `gender` varchar(255) COLLATE utf8mb4_unicode_ci DEFAULT NULL
) ENGINE=InnoDB DEFAULT CHARSET=utf8mb4 COLLATE=utf8mb4_unicode_ci;

--
-- Dumping data for table `users`
--

INSERT INTO `users` (`id`, `name`, `email`, `email_verified_at`, `password`, `isTeacher`, `remember_token`, `created_at`, `updated_at`, `gender`) VALUES
(1, 'Sarder Monowarul Amin', 'rahil@gmail.com', NULL, '$2y$10$tFxw0Aln2rt/OsAvowR79uvOq7f8xHASyDyRbnZyQWlviJqYI172y', 0, NULL, '2022-10-02 02:04:57', '2022-11-18 11:23:03', 'Male'),
(2, 'Mohammad Lutfe Elahi', 'lutfe@gmail.com', NULL, '$2y$10$tFxw0Aln2rt/OsAvowR79uvOq7f8xHASyDyRbnZyQWlviJqYI172y', 1, NULL, '2022-10-02 21:31:27', '2022-11-18 11:23:03', 'Male'),
(3, 'Rashid Shah Fardin', 'rashid@gmail.com', NULL, '$2y$10$tFxw0Aln2rt/OsAvowR79uvOq7f8xHASyDyRbnZyQWlviJqYI172y', 1, NULL, '2022-10-02 22:13:35', '2022-11-18 11:23:03', 'Male'),
(4, 'Rahad Mahmud Suhan', 'suhan@gmail.com', NULL, '$2y$10$tFxw0Aln2rt/OsAvowR79uvOq7f8xHASyDyRbnZyQWlviJqYI172y', 0, NULL, '2022-10-03 04:31:02', '2022-11-18 11:23:03', NULL),
(13, 'Himel Ullah Rahman', 'hime@gmail.com', NULL, '$2y$10$tFxw0Aln2rt/OsAvowR79uvOq7f8xHASyDyRbnZyQWlviJqYI172y', 1, NULL, '2022-10-03 05:10:51', '2022-11-18 11:23:03', NULL),
(14, 'Ayash Ihan', 'ayash@gmail.com', NULL, '$2y$10$tFxw0Aln2rt/OsAvowR79uvOq7f8xHASyDyRbnZyQWlviJqYI172y', 0, NULL, '2022-10-04 22:30:14', '2022-11-18 11:23:03', 'Male'),
(15, 'TNR', 'tnr@gmail.com', NULL, '$2y$10$tFxw0Aln2rt/OsAvowR79uvOq7f8xHASyDyRbnZyQWlviJqYI172y', 1, NULL, '2022-10-17 04:06:23', '2022-11-18 11:23:03', 'Male');

--
-- Indexes for dumped tables
--

--
-- Indexes for table `announcements`
--
ALTER TABLE `announcements`
  ADD PRIMARY KEY (`id`);

--
-- Indexes for table `attendances`
--
ALTER TABLE `attendances`
  ADD PRIMARY KEY (`id`);

--
-- Indexes for table `class_modules`
--
ALTER TABLE `class_modules`
  ADD PRIMARY KEY (`id`);

--
-- Indexes for table `courses`
--
ALTER TABLE `courses`
  ADD PRIMARY KEY (`id`);

--
-- Indexes for table `credit_prices`
--
ALTER TABLE `credit_prices`
  ADD PRIMARY KEY (`id`);

--
-- Indexes for table `departments`
--
ALTER TABLE `departments`
  ADD PRIMARY KEY (`id`);

--
-- Indexes for table `failed_jobs`
--
ALTER TABLE `failed_jobs`
  ADD PRIMARY KEY (`id`),
  ADD UNIQUE KEY `failed_jobs_uuid_unique` (`uuid`);

--
-- Indexes for table `jobs`
--
ALTER TABLE `jobs`
  ADD PRIMARY KEY (`id`),
  ADD KEY `jobs_queue_index` (`queue`);

--
-- Indexes for table `lessons`
--
ALTER TABLE `lessons`
  ADD PRIMARY KEY (`id`);

--
-- Indexes for table `migrations`
--
ALTER TABLE `migrations`
  ADD PRIMARY KEY (`id`);

--
-- Indexes for table `model_has_permissions`
--
ALTER TABLE `model_has_permissions`
  ADD PRIMARY KEY (`permission_id`,`model_id`,`model_type`),
  ADD KEY `model_has_permissions_model_id_model_type_index` (`model_id`,`model_type`);

--
-- Indexes for table `model_has_roles`
--
ALTER TABLE `model_has_roles`
  ADD PRIMARY KEY (`role_id`,`model_id`,`model_type`),
  ADD KEY `model_has_roles_model_id_model_type_index` (`model_id`,`model_type`);

--
-- Indexes for table `modules`
--
ALTER TABLE `modules`
  ADD PRIMARY KEY (`id`);

--
-- Indexes for table `password_resets`
--
ALTER TABLE `password_resets`
  ADD KEY `password_resets_email_index` (`email`);

--
-- Indexes for table `permissions`
--
ALTER TABLE `permissions`
  ADD PRIMARY KEY (`id`),
  ADD UNIQUE KEY `permissions_name_guard_name_unique` (`name`,`guard_name`);

--
-- Indexes for table `personal_access_tokens`
--
ALTER TABLE `personal_access_tokens`
  ADD PRIMARY KEY (`id`),
  ADD UNIQUE KEY `personal_access_tokens_token_unique` (`token`),
  ADD KEY `personal_access_tokens_tokenable_type_tokenable_id_index` (`tokenable_type`,`tokenable_id`);

--
-- Indexes for table `roles`
--
ALTER TABLE `roles`
  ADD PRIMARY KEY (`id`),
  ADD UNIQUE KEY `roles_name_guard_name_unique` (`name`,`guard_name`);

--
-- Indexes for table `role_has_permissions`
--
ALTER TABLE `role_has_permissions`
  ADD PRIMARY KEY (`permission_id`,`role_id`),
  ADD KEY `role_has_permissions_role_id_foreign` (`role_id`);

--
-- Indexes for table `sections`
--
ALTER TABLE `sections`
  ADD PRIMARY KEY (`id`);

--
-- Indexes for table `semesters`
--
ALTER TABLE `semesters`
  ADD PRIMARY KEY (`id`);

--
-- Indexes for table `students`
--
ALTER TABLE `students`
  ADD PRIMARY KEY (`id`);

--
-- Indexes for table `student_courses`
--
ALTER TABLE `student_courses`
  ADD PRIMARY KEY (`id`);

--
-- Indexes for table `student_course_requests`
--
ALTER TABLE `student_course_requests`
  ADD PRIMARY KEY (`id`);

--
-- Indexes for table `teachers`
--
ALTER TABLE `teachers`
  ADD PRIMARY KEY (`id`);

--
-- Indexes for table `users`
--
ALTER TABLE `users`
  ADD PRIMARY KEY (`id`),
  ADD UNIQUE KEY `users_email_unique` (`email`);

--
-- AUTO_INCREMENT for dumped tables
--

--
-- AUTO_INCREMENT for table `announcements`
--
ALTER TABLE `announcements`
  MODIFY `id` bigint(20) UNSIGNED NOT NULL AUTO_INCREMENT, AUTO_INCREMENT=62;

--
-- AUTO_INCREMENT for table `attendances`
--
ALTER TABLE `attendances`
  MODIFY `id` bigint(20) UNSIGNED NOT NULL AUTO_INCREMENT, AUTO_INCREMENT=10;

--
-- AUTO_INCREMENT for table `class_modules`
--
ALTER TABLE `class_modules`
  MODIFY `id` bigint(20) UNSIGNED NOT NULL AUTO_INCREMENT, AUTO_INCREMENT=7;

--
-- AUTO_INCREMENT for table `courses`
--
ALTER TABLE `courses`
  MODIFY `id` bigint(20) UNSIGNED NOT NULL AUTO_INCREMENT, AUTO_INCREMENT=7;

--
-- AUTO_INCREMENT for table `credit_prices`
--
ALTER TABLE `credit_prices`
  MODIFY `id` bigint(20) UNSIGNED NOT NULL AUTO_INCREMENT, AUTO_INCREMENT=3;

--
-- AUTO_INCREMENT for table `departments`
--
ALTER TABLE `departments`
  MODIFY `id` bigint(20) UNSIGNED NOT NULL AUTO_INCREMENT, AUTO_INCREMENT=8;

--
-- AUTO_INCREMENT for table `failed_jobs`
--
ALTER TABLE `failed_jobs`
  MODIFY `id` bigint(20) UNSIGNED NOT NULL AUTO_INCREMENT, AUTO_INCREMENT=20;

--
-- AUTO_INCREMENT for table `jobs`
--
ALTER TABLE `jobs`
  MODIFY `id` bigint(20) UNSIGNED NOT NULL AUTO_INCREMENT, AUTO_INCREMENT=79;

--
-- AUTO_INCREMENT for table `lessons`
--
ALTER TABLE `lessons`
  MODIFY `id` bigint(20) UNSIGNED NOT NULL AUTO_INCREMENT, AUTO_INCREMENT=4;

--
-- AUTO_INCREMENT for table `migrations`
--
ALTER TABLE `migrations`
  MODIFY `id` int(10) UNSIGNED NOT NULL AUTO_INCREMENT, AUTO_INCREMENT=54;

--
-- AUTO_INCREMENT for table `modules`
--
ALTER TABLE `modules`
  MODIFY `id` bigint(20) UNSIGNED NOT NULL AUTO_INCREMENT;

--
-- AUTO_INCREMENT for table `permissions`
--
ALTER TABLE `permissions`
  MODIFY `id` bigint(20) UNSIGNED NOT NULL AUTO_INCREMENT, AUTO_INCREMENT=10;

--
-- AUTO_INCREMENT for table `personal_access_tokens`
--
ALTER TABLE `personal_access_tokens`
  MODIFY `id` bigint(20) UNSIGNED NOT NULL AUTO_INCREMENT;

--
-- AUTO_INCREMENT for table `roles`
--
ALTER TABLE `roles`
  MODIFY `id` bigint(20) UNSIGNED NOT NULL AUTO_INCREMENT, AUTO_INCREMENT=6;

--
-- AUTO_INCREMENT for table `sections`
--
ALTER TABLE `sections`
  MODIFY `id` bigint(20) UNSIGNED NOT NULL AUTO_INCREMENT, AUTO_INCREMENT=16;

--
-- AUTO_INCREMENT for table `semesters`
--
ALTER TABLE `semesters`
  MODIFY `id` bigint(20) UNSIGNED NOT NULL AUTO_INCREMENT, AUTO_INCREMENT=3;

--
-- AUTO_INCREMENT for table `students`
--
ALTER TABLE `students`
  MODIFY `id` bigint(20) UNSIGNED NOT NULL AUTO_INCREMENT, AUTO_INCREMENT=4;

--
-- AUTO_INCREMENT for table `student_courses`
--
ALTER TABLE `student_courses`
  MODIFY `id` bigint(20) UNSIGNED NOT NULL AUTO_INCREMENT, AUTO_INCREMENT=13;

--
-- AUTO_INCREMENT for table `student_course_requests`
--
ALTER TABLE `student_course_requests`
  MODIFY `id` bigint(20) UNSIGNED NOT NULL AUTO_INCREMENT, AUTO_INCREMENT=23;

--
-- AUTO_INCREMENT for table `teachers`
--
ALTER TABLE `teachers`
  MODIFY `id` bigint(20) UNSIGNED NOT NULL AUTO_INCREMENT, AUTO_INCREMENT=5;

--
-- AUTO_INCREMENT for table `users`
--
ALTER TABLE `users`
  MODIFY `id` bigint(20) UNSIGNED NOT NULL AUTO_INCREMENT, AUTO_INCREMENT=16;

--
-- Constraints for dumped tables
--

--
-- Constraints for table `model_has_permissions`
--
ALTER TABLE `model_has_permissions`
  ADD CONSTRAINT `model_has_permissions_permission_id_foreign` FOREIGN KEY (`permission_id`) REFERENCES `permissions` (`id`) ON DELETE CASCADE;

--
-- Constraints for table `model_has_roles`
--
ALTER TABLE `model_has_roles`
  ADD CONSTRAINT `model_has_roles_role_id_foreign` FOREIGN KEY (`role_id`) REFERENCES `roles` (`id`) ON DELETE CASCADE;

--
-- Constraints for table `role_has_permissions`
--
ALTER TABLE `role_has_permissions`
  ADD CONSTRAINT `role_has_permissions_permission_id_foreign` FOREIGN KEY (`permission_id`) REFERENCES `permissions` (`id`) ON DELETE CASCADE,
  ADD CONSTRAINT `role_has_permissions_role_id_foreign` FOREIGN KEY (`role_id`) REFERENCES `roles` (`id`) ON DELETE CASCADE;
COMMIT;

/*!40101 SET CHARACTER_SET_CLIENT=@OLD_CHARACTER_SET_CLIENT */;
/*!40101 SET CHARACTER_SET_RESULTS=@OLD_CHARACTER_SET_RESULTS */;
/*!40101 SET COLLATION_CONNECTION=@OLD_COLLATION_CONNECTION */;
